"hs2","hs4","hs"
"01","0101","010129"
"01","0103","010310"
"01","0106","010614"
"01","0106","010619"
"01","0106","010620"
"01","0106","010649"
"01","0106","010690"
"02","0201","020120"
"02","0201","020130"
"02","0202","020220"
"02","0202","020230"
"02","0203","020312"
"02","0203","020319"
"02","0203","020322"
"02","0203","020329"
"02","0204","020422"
"02","0204","020450"
"02","0206","020629"
"02","0206","020649"
"02","0207","020725"
"02","0207","020727"
"02","0209","020910"
"02","0210","021012"
"02","0210","021019"
"02","0210","021020"
"02","0210","021099"
"03","0301","030111"
"03","0301","030119"
"03","0302","030281"
"03","0303","030311"
"03","0303","030312"
"03","0303","030313"
"03","0303","030314"
"03","0303","030319"
"03","0303","030325"
"03","0303","030331"
"03","0303","030332"
"03","0303","030339"
"03","0303","030341"
"03","0303","030342"
"03","0303","030343"
"03","0303","030344"
"03","0303","030345"
"03","0303","030351"
"03","0303","030354"
"03","0303","030359"
"03","0303","030363"
"03","0303","030366"
"03","0303","030367"
"03","0303","030369"
"03","0303","030381"
"03","0303","030382"
"03","0303","030389"
"03","0303","030391"
"03","0303","030399"
"03","0304","030469"
"03","0304","030471"
"03","0304","030472"
"03","0304","030475"
"03","0304","030481"
"03","0304","030483"
"03","0304","030489"
"03","0304","030493"
"03","0304","030494"
"03","0304","030495"
"03","0304","030496"
"03","0304","030497"
"03","0304","030499"
"03","0305","030520"
"03","0305","030541"
"03","0306","030611"
"03","0306","030612"
"03","0306","030614"
"03","0306","030616"
"03","0306","030617"
"03","0306","030619"
"03","0306","030631"
"03","0306","030632"
"03","0306","030633"
"03","0306","030635"
"03","0306","030636"
"03","0306","030639"
"03","0306","030691"
"03","0307","030711"
"03","0307","030721"
"03","0307","030722"
"03","0307","030729"
"03","0307","030731"
"03","0307","030743"
"03","0307","030749"
"03","0307","030760"
"03","0307","030771"
"03","0307","030772"
"03","0307","030779"
"03","0307","030782"
"03","0307","030791"
"03","0308","030811"
"03","0308","030812"
"03","0308","030819"
"03","0308","030821"
"03","0308","030830"
"03","0308","030890"
"04","0401","040110"
"04","0401","040120"
"04","0401","040140"
"04","0401","040150"
"04","0402","040210"
"04","0402","040221"
"04","0402","040229"
"04","0402","040299"
"04","0403","040310"
"04","0403","040390"
"04","0404","040410"
"04","0404","040490"
"04","0405","040510"
"04","0405","040590"
"04","0406","040610"
"04","0406","040620"
"04","0406","040630"
"04","0406","040690"
"04","0408","040819"
"04","0409","040900"
"04","0410","041000"
"05","0504","050400"
"05","0505","050510"
"05","0505","050590"
"05","0508","050800"
"05","0511","051110"
"05","0511","051191"
"05","0511","051199"
"06","0601","060110"
"06","0601","060120"
"06","0602","060210"
"06","0602","060220"
"06","0602","060230"
"06","0602","060290"
"06","0603","060315"
"06","0603","060319"
"06","0603","060390"
"06","0604","060420"
"06","0604","060490"
"07","0701","070110"
"07","0703","070310"
"07","0703","070320"
"07","0704","070410"
"07","0704","070490"
"07","0705","070519"
"07","0706","070610"
"07","0706","070690"
"07","0709","070940"
"07","0709","070959"
"07","0709","070999"
"07","0710","071010"
"07","0710","071021"
"07","0710","071022"
"07","0710","071029"
"07","0710","071030"
"07","0710","071040"
"07","0710","071080"
"07","0710","071090"
"07","0712","071220"
"07","0712","071231"
"07","0712","071239"
"07","0712","071290"
"07","0713","071310"
"07","0713","071340"
"07","0713","071350"
"07","0713","071390"
"07","0714","071420"
"07","0714","071490"
"08","0801","080111"
"08","0801","080119"
"08","0801","080131"
"08","0801","080132"
"08","0802","080211"
"08","0802","080212"
"08","0802","080221"
"08","0802","080231"
"08","0802","080232"
"08","0802","080251"
"08","0802","080252"
"08","0802","080261"
"08","0802","080262"
"08","0802","080290"
"08","0803","080390"
"08","0804","080410"
"08","0804","080420"
"08","0804","080450"
"08","0805","080510"
"08","0805","080521"
"08","0805","080529"
"08","0805","080540"
"08","0805","080550"
"08","0806","080610"
"08","0806","080620"
"08","0808","080810"
"08","0808","080830"
"08","0809","080929"
"08","0809","080940"
"08","0810","081010"
"08","0811","081110"
"08","0811","081120"
"08","0811","081190"
"08","0813","081310"
"08","0813","081320"
"08","0813","081330"
"08","0813","081340"
"08","0813","081350"
"08","0814","081400"
"09","0901","090111"
"09","0901","090112"
"09","0901","090121"
"09","0901","090122"
"09","0901","090190"
"09","0902","090210"
"09","0902","090220"
"09","0902","090230"
"09","0902","090240"
"09","0904","090411"
"09","0904","090412"
"09","0904","090421"
"09","0904","090422"
"09","0905","090510"
"09","0906","090619"
"09","0906","090620"
"09","0907","090720"
"09","0908","090822"
"09","0909","090932"
"09","0909","090962"
"09","0910","091012"
"09","0910","091030"
"09","0910","091091"
"09","0910","091099"
"10","1001","100111"
"10","1001","100119"
"10","1001","100191"
"10","1001","100199"
"10","1003","100310"
"10","1004","100410"
"10","1005","100590"
"10","1006","100610"
"10","1006","100630"
"10","1007","100710"
"10","1007","100790"
"10","1008","100890"
"11","1101","110100"
"11","1102","110220"
"11","1102","110290"
"11","1103","110311"
"11","1104","110412"
"11","1104","110419"
"11","1104","110422"
"11","1104","110423"
"11","1104","110429"
"11","1104","110430"
"11","1105","110510"
"11","1105","110520"
"11","1106","110610"
"11","1106","110630"
"11","1107","110710"
"11","1107","110720"
"11","1108","110812"
"11","1108","110813"
"11","1108","110814"
"11","1108","110819"
"11","1109","110900"
"12","1201","120190"
"12","1202","120241"
"12","1202","120242"
"12","1203","120300"
"12","1204","120400"
"12","1206","120600"
"12","1207","120710"
"12","1207","120740"
"12","1207","120750"
"12","1207","120770"
"12","1207","120799"
"12","1208","120810"
"12","1209","120921"
"12","1209","120922"
"12","1209","120923"
"12","1209","120924"
"12","1209","120925"
"12","1209","120929"
"12","1209","120930"
"12","1209","120991"
"12","1209","120999"
"12","1210","121020"
"12","1211","121120"
"12","1211","121190"
"12","1212","121221"
"12","1212","121291"
"12","1212","121299"
"12","1213","121300"
"12","1214","121410"
"12","1214","121490"
"13","1301","130120"
"13","1301","130190"
"13","1302","130212"
"13","1302","130213"
"13","1302","130219"
"13","1302","130220"
"13","1302","130231"
"13","1302","130232"
"13","1302","130239"
"14","1401","140110"
"14","1404","140420"
"14","1404","140490"
"15","1504","150410"
"15","1504","150420"
"15","1506","150600"
"15","1507","150710"
"15","1507","150790"
"15","1508","150810"
"15","1508","150890"
"15","1509","150910"
"15","1509","150990"
"15","1512","151211"
"15","1512","151219"
"15","1512","151221"
"15","1512","151229"
"15","1513","151311"
"15","1513","151319"
"15","1514","151411"
"15","1514","151499"
"15","1515","151511"
"15","1515","151519"
"15","1515","151521"
"15","1515","151529"
"15","1515","151530"
"15","1515","151550"
"15","1515","151590"
"15","1516","151610"
"15","1516","151620"
"15","1517","151710"
"15","1517","151790"
"15","1518","151800"
"15","1520","152000"
"15","1521","152110"
"15","1521","152190"
"16","1601","160100"
"16","1602","160210"
"16","1602","160231"
"16","1602","160232"
"16","1602","160241"
"16","1602","160250"
"16","1604","160411"
"16","1604","160414"
"16","1604","160419"
"16","1604","160420"
"16","1605","160510"
"16","1605","160540"
"16","1605","160552"
"16","1605","160556"
"16","1605","160561"
"17","1701","170112"
"17","1701","170114"
"17","1701","170191"
"17","1701","170199"
"17","1702","170211"
"17","1702","170219"
"17","1702","170220"
"17","1702","170230"
"17","1702","170240"
"17","1702","170250"
"17","1702","170260"
"17","1702","170290"
"17","1704","170410"
"17","1704","170490"
"18","1801","180100"
"18","1803","180310"
"18","1803","180320"
"18","1804","180400"
"18","1805","180500"
"18","1806","180610"
"18","1806","180620"
"18","1806","180631"
"18","1806","180632"
"18","1806","180690"
"19","1901","190110"
"19","1901","190120"
"19","1901","190190"
"19","1902","190211"
"19","1902","190219"
"19","1902","190220"
"19","1902","190230"
"19","1902","190240"
"19","1903","190300"
"19","1904","190410"
"19","1904","190420"
"19","1904","190430"
"19","1904","190490"
"19","1905","190531"
"19","1905","190532"
"19","1905","190540"
"19","1905","190590"
"20","2001","200110"
"20","2001","200190"
"20","2002","200210"
"20","2002","200290"
"20","2003","200310"
"20","2003","200390"
"20","2004","200410"
"20","2004","200490"
"20","2005","200510"
"20","2005","200520"
"20","2005","200540"
"20","2005","200551"
"20","2005","200559"
"20","2005","200560"
"20","2005","200570"
"20","2005","200580"
"20","2005","200599"
"20","2006","200600"
"20","2007","200710"
"20","2007","200791"
"20","2007","200799"
"20","2008","200811"
"20","2008","200819"
"20","2008","200820"
"20","2008","200830"
"20","2008","200840"
"20","2008","200850"
"20","2008","200860"
"20","2008","200870"
"20","2008","200880"
"20","2008","200893"
"20","2008","200897"
"20","2008","200899"
"20","2009","200911"
"20","2009","200912"
"20","2009","200919"
"20","2009","200921"
"20","2009","200929"
"20","2009","200931"
"20","2009","200939"
"20","2009","200941"
"20","2009","200949"
"20","2009","200950"
"20","2009","200961"
"20","2009","200969"
"20","2009","200971"
"20","2009","200979"
"20","2009","200981"
"20","2009","200989"
"20","2009","200990"
"21","2101","210111"
"21","2101","210112"
"21","2101","210120"
"21","2102","210210"
"21","2102","210220"
"21","2102","210230"
"21","2103","210310"
"21","2103","210320"
"21","2103","210330"
"21","2103","210390"
"21","2104","210410"
"21","2104","210420"
"21","2105","210500"
"21","2106","210610"
"21","2106","210690"
"22","2201","220110"
"22","2201","220190"
"22","2202","220210"
"22","2202","220291"
"22","2202","220299"
"22","2203","220300"
"22","2204","220410"
"22","2204","220421"
"22","2204","220422"
"22","2204","220429"
"22","2205","220510"
"22","2205","220590"
"22","2206","220600"
"22","2207","220710"
"22","2207","220720"
"22","2208","220820"
"22","2208","220830"
"22","2208","220840"
"22","2208","220850"
"22","2208","220860"
"22","2208","220870"
"22","2208","220890"
"22","2209","220900"
"23","2301","230110"
"23","2301","230120"
"23","2302","230210"
"23","2302","230240"
"23","2303","230320"
"23","2303","230330"
"23","2304","230400"
"23","2306","230690"
"23","2309","230910"
"23","2309","230990"
"24","2401","240120"
"24","2402","240210"
"24","2402","240220"
"24","2403","240319"
"24","2403","240399"
"25","2501","250100"
"25","2502","250200"
"25","2503","250300"
"25","2504","250410"
"25","2504","250490"
"25","2505","250510"
"25","2505","250590"
"25","2506","250610"
"25","2506","250620"
"25","2507","250700"
"25","2508","250810"
"25","2508","250830"
"25","2508","250840"
"25","2508","250850"
"25","2508","250860"
"25","2508","250870"
"25","2509","250900"
"25","2510","251020"
"25","2511","251110"
"25","2512","251200"
"25","2513","251310"
"25","2513","251320"
"25","2514","251400"
"25","2515","251511"
"25","2515","251512"
"25","2515","251520"
"25","2516","251611"
"25","2516","251612"
"25","2516","251620"
"25","2516","251690"
"25","2517","251710"
"25","2517","251741"
"25","2517","251749"
"25","2518","251810"
"25","2518","251820"
"25","2519","251990"
"25","2520","252010"
"25","2520","252020"
"25","2521","252100"
"25","2522","252210"
"25","2522","252220"
"25","2523","252310"
"25","2523","252321"
"25","2523","252329"
"25","2523","252330"
"25","2523","252390"
"25","2524","252490"
"25","2525","252510"
"25","2525","252520"
"25","2526","252610"
"25","2526","252620"
"25","2528","252800"
"25","2529","252910"
"25","2529","252922"
"25","2529","252930"
"25","2530","253010"
"25","2530","253020"
"25","2530","253090"
"26","2601","260111"
"26","2601","260112"
"26","2602","260200"
"26","2603","260300"
"26","2604","260400"
"26","2607","260700"
"26","2608","260800"
"26","2610","261000"
"26","2613","261310"
"26","2613","261390"
"26","2614","261400"
"26","2615","261510"
"26","2615","261590"
"26","2616","261610"
"26","2616","261690"
"26","2617","261790"
"26","2621","262190"
"27","2701","270111"
"27","2701","270112"
"27","2701","270119"
"27","2702","270210"
"27","2702","270220"
"27","2703","270300"
"27","2704","270400"
"27","2707","270720"
"27","2707","270730"
"27","2707","270740"
"27","2707","270750"
"27","2707","270791"
"27","2707","270799"
"27","2708","270810"
"27","2708","270820"
"27","2709","270900"
"27","2710","271012"
"27","2710","271019"
"27","2710","271020"
"27","2711","271111"
"27","2711","271112"
"27","2711","271113"
"27","2711","271114"
"27","2711","271119"
"27","2711","271121"
"27","2711","271129"
"27","2712","271210"
"27","2712","271220"
"27","2712","271290"
"27","2713","271311"
"27","2713","271312"
"27","2713","271320"
"27","2714","271410"
"27","2714","271490"
"27","2715","271500"
"28","2801","280110"
"28","2801","280120"
"28","2801","280130"
"28","2802","280200"
"28","2803","280300"
"28","2804","280410"
"28","2804","280421"
"28","2804","280429"
"28","2804","280430"
"28","2804","280440"
"28","2804","280450"
"28","2804","280461"
"28","2804","280469"
"28","2804","280470"
"28","2804","280480"
"28","2804","280490"
"28","2805","280511"
"28","2805","280512"
"28","2805","280519"
"28","2805","280530"
"28","2806","280610"
"28","2807","280700"
"28","2808","280800"
"28","2809","280910"
"28","2809","280920"
"28","2810","281000"
"28","2811","281111"
"28","2811","281119"
"28","2811","281121"
"28","2811","281122"
"28","2811","281129"
"28","2812","281212"
"28","2812","281219"
"28","2812","281290"
"28","2813","281390"
"28","2814","281410"
"28","2814","281420"
"28","2815","281511"
"28","2815","281512"
"28","2815","281520"
"28","2815","281530"
"28","2816","281610"
"28","2816","281640"
"28","2817","281700"
"28","2818","281810"
"28","2818","281820"
"28","2818","281830"
"28","2819","281910"
"28","2819","281990"
"28","2820","282010"
"28","2820","282090"
"28","2821","282110"
"28","2821","282120"
"28","2822","282200"
"28","2823","282300"
"28","2824","282490"
"28","2825","282510"
"28","2825","282520"
"28","2825","282530"
"28","2825","282540"
"28","2825","282550"
"28","2825","282560"
"28","2825","282570"
"28","2825","282580"
"28","2825","282590"
"28","2826","282612"
"28","2826","282619"
"28","2826","282690"
"28","2827","282710"
"28","2827","282720"
"28","2827","282731"
"28","2827","282732"
"28","2827","282735"
"28","2827","282739"
"28","2827","282741"
"28","2827","282749"
"28","2827","282751"
"28","2827","282759"
"28","2827","282760"
"28","2828","282810"
"28","2828","282890"
"28","2829","282911"
"28","2829","282919"
"28","2829","282990"
"28","2830","283010"
"28","2830","283090"
"28","2831","283110"
"28","2831","283190"
"28","2832","283210"
"28","2832","283220"
"28","2832","283230"
"28","2833","283311"
"28","2833","283319"
"28","2833","283321"
"28","2833","283322"
"28","2833","283324"
"28","2833","283325"
"28","2833","283327"
"28","2833","283329"
"28","2833","283330"
"28","2833","283340"
"28","2834","283410"
"28","2834","283421"
"28","2834","283429"
"28","2835","283510"
"28","2835","283522"
"28","2835","283524"
"28","2835","283525"
"28","2835","283526"
"28","2835","283529"
"28","2835","283531"
"28","2835","283539"
"28","2836","283620"
"28","2836","283630"
"28","2836","283640"
"28","2836","283650"
"28","2836","283660"
"28","2836","283691"
"28","2836","283692"
"28","2836","283699"
"28","2837","283719"
"28","2837","283720"
"28","2839","283911"
"28","2839","283919"
"28","2839","283990"
"28","2840","284011"
"28","2840","284019"
"28","2840","284020"
"28","2840","284030"
"28","2841","284130"
"28","2841","284150"
"28","2841","284161"
"28","2841","284169"
"28","2841","284170"
"28","2841","284180"
"28","2841","284190"
"28","2842","284210"
"28","2842","284290"
"28","2843","284310"
"28","2843","284321"
"28","2843","284329"
"28","2843","284330"
"28","2843","284390"
"28","2844","284410"
"28","2844","284420"
"28","2844","284430"
"28","2844","284440"
"28","2845","284510"
"28","2845","284590"
"28","2846","284610"
"28","2846","284690"
"28","2847","284700"
"28","2849","284910"
"28","2849","284920"
"28","2849","284990"
"28","2850","285000"
"28","2853","285390"
"29","2901","290110"
"29","2901","290121"
"29","2901","290122"
"29","2901","290123"
"29","2901","290124"
"29","2901","290129"
"29","2902","290211"
"29","2902","290219"
"29","2902","290220"
"29","2902","290230"
"29","2902","290241"
"29","2902","290242"
"29","2902","290243"
"29","2902","290244"
"29","2902","290250"
"29","2902","290260"
"29","2902","290270"
"29","2902","290290"
"29","2903","290311"
"29","2903","290312"
"29","2903","290315"
"29","2903","290319"
"29","2903","290322"
"29","2903","290323"
"29","2903","290329"
"29","2903","290339"
"29","2903","290377"
"29","2903","290378"
"29","2903","290379"
"29","2903","290389"
"29","2903","290391"
"29","2903","290399"
"29","2904","290410"
"29","2904","290420"
"29","2904","290499"
"29","2905","290511"
"29","2905","290512"
"29","2905","290513"
"29","2905","290514"
"29","2905","290516"
"29","2905","290517"
"29","2905","290519"
"29","2905","290522"
"29","2905","290529"
"29","2905","290531"
"29","2905","290532"
"29","2905","290539"
"29","2905","290541"
"29","2905","290542"
"29","2905","290543"
"29","2905","290544"
"29","2905","290545"
"29","2905","290549"
"29","2905","290559"
"29","2906","290611"
"29","2906","290612"
"29","2906","290613"
"29","2906","290619"
"29","2906","290621"
"29","2906","290629"
"29","2907","290711"
"29","2907","290712"
"29","2907","290715"
"29","2907","290719"
"29","2907","290721"
"29","2907","290722"
"29","2907","290723"
"29","2907","290729"
"29","2908","290819"
"29","2908","290899"
"29","2909","290911"
"29","2909","290919"
"29","2909","290920"
"29","2909","290930"
"29","2909","290941"
"29","2909","290943"
"29","2909","290944"
"29","2909","290949"
"29","2909","290950"
"29","2909","290960"
"29","2910","291020"
"29","2910","291030"
"29","2910","291090"
"29","2911","291100"
"29","2912","291211"
"29","2912","291219"
"29","2912","291221"
"29","2912","291229"
"29","2912","291241"
"29","2912","291242"
"29","2912","291249"
"29","2912","291250"
"29","2912","291260"
"29","2913","291300"
"29","2914","291411"
"29","2914","291412"
"29","2914","291413"
"29","2914","291419"
"29","2914","291422"
"29","2914","291423"
"29","2914","291429"
"29","2914","291439"
"29","2914","291440"
"29","2914","291450"
"29","2914","291461"
"29","2914","291462"
"29","2914","291469"
"29","2914","291479"
"29","2915","291511"
"29","2915","291512"
"29","2915","291513"
"29","2915","291521"
"29","2915","291524"
"29","2915","291529"
"29","2915","291531"
"29","2915","291532"
"29","2915","291533"
"29","2915","291539"
"29","2915","291540"
"29","2915","291550"
"29","2915","291560"
"29","2915","291570"
"29","2915","291590"
"29","2916","291611"
"29","2916","291612"
"29","2916","291613"
"29","2916","291614"
"29","2916","291615"
"29","2916","291619"
"29","2916","291620"
"29","2916","291631"
"29","2916","291632"
"29","2916","291634"
"29","2916","291639"
"29","2917","291711"
"29","2917","291712"
"29","2917","291713"
"29","2917","291714"
"29","2917","291719"
"29","2917","291720"
"29","2917","291732"
"29","2917","291733"
"29","2917","291734"
"29","2917","291736"
"29","2917","291737"
"29","2917","291739"
"29","2918","291811"
"29","2918","291812"
"29","2918","291813"
"29","2918","291814"
"29","2918","291815"
"29","2918","291816"
"29","2918","291819"
"29","2918","291821"
"29","2918","291822"
"29","2918","291823"
"29","2918","291829"
"29","2918","291830"
"29","2918","291899"
"29","2919","291990"
"29","2920","292019"
"29","2920","292023"
"29","2920","292029"
"29","2920","292090"
"29","2921","292111"
"29","2921","292112"
"29","2921","292119"
"29","2921","292121"
"29","2921","292122"
"29","2921","292129"
"29","2921","292130"
"29","2921","292141"
"29","2921","292142"
"29","2921","292143"
"29","2921","292144"
"29","2921","292145"
"29","2921","292146"
"29","2921","292149"
"29","2921","292151"
"29","2921","292159"
"29","2922","292211"
"29","2922","292212"
"29","2922","292214"
"29","2922","292215"
"29","2922","292217"
"29","2922","292219"
"29","2922","292221"
"29","2922","292229"
"29","2922","292231"
"29","2922","292239"
"29","2922","292241"
"29","2922","292242"
"29","2922","292243"
"29","2922","292249"
"29","2922","292250"
"29","2923","292310"
"29","2923","292320"
"29","2923","292390"
"29","2924","292411"
"29","2924","292419"
"29","2924","292421"
"29","2924","292429"
"29","2925","292511"
"29","2925","292519"
"29","2925","292529"
"29","2926","292610"
"29","2926","292620"
"29","2926","292690"
"29","2927","292700"
"29","2928","292800"
"29","2929","292910"
"29","2929","292990"
"29","2930","293020"
"29","2930","293030"
"29","2930","293040"
"29","2930","293090"
"29","2931","293139"
"29","2931","293190"
"29","2932","293211"
"29","2932","293212"
"29","2932","293213"
"29","2932","293214"
"29","2932","293219"
"29","2932","293220"
"29","2932","293295"
"29","2932","293299"
"29","2933","293311"
"29","2933","293319"
"29","2933","293321"
"29","2933","293329"
"29","2933","293331"
"29","2933","293332"
"29","2933","293333"
"29","2933","293339"
"29","2933","293341"
"29","2933","293349"
"29","2933","293352"
"29","2933","293353"
"29","2933","293355"
"29","2933","293359"
"29","2933","293361"
"29","2933","293369"
"29","2933","293371"
"29","2933","293372"
"29","2933","293379"
"29","2933","293391"
"29","2933","293399"
"29","2934","293410"
"29","2934","293420"
"29","2934","293430"
"29","2934","293491"
"29","2934","293499"
"29","2935","293590"
"29","2936","293621"
"29","2936","293622"
"29","2936","293623"
"29","2936","293624"
"29","2936","293625"
"29","2936","293626"
"29","2936","293627"
"29","2936","293628"
"29","2936","293629"
"29","2936","293690"
"29","2937","293711"
"29","2937","293712"
"29","2937","293719"
"29","2937","293721"
"29","2937","293722"
"29","2937","293723"
"29","2937","293729"
"29","2937","293750"
"29","2937","293790"
"29","2938","293890"
"29","2939","293911"
"29","2939","293919"
"29","2939","293930"
"29","2939","293941"
"29","2939","293942"
"29","2939","293943"
"29","2939","293971"
"29","2939","293979"
"29","2939","293980"
"29","2940","294000"
"29","2941","294110"
"29","2941","294120"
"29","2941","294150"
"29","2941","294190"
"29","2942","294200"
"30","3001","300120"
"30","3001","300190"
"30","3002","300211"
"30","3002","300212"
"30","3002","300213"
"30","3002","300214"
"30","3002","300215"
"30","3002","300219"
"30","3002","300220"
"30","3002","300230"
"30","3002","300290"
"30","3003","300320"
"30","3003","300339"
"30","3003","300390"
"30","3004","300410"
"30","3004","300420"
"30","3004","300431"
"30","3004","300432"
"30","3004","300439"
"30","3004","300442"
"30","3004","300449"
"30","3004","300450"
"30","3004","300490"
"30","3005","300510"
"30","3005","300590"
"30","3006","300610"
"30","3006","300620"
"30","3006","300630"
"30","3006","300640"
"30","3006","300650"
"30","3006","300660"
"30","3006","300670"
"30","3006","300691"
"31","3101","310100"
"31","3102","310210"
"31","3102","310221"
"31","3102","310250"
"31","3102","310290"
"31","3103","310319"
"31","3104","310420"
"31","3104","310430"
"31","3104","310490"
"31","3105","310510"
"31","3105","310520"
"31","3105","310530"
"31","3105","310540"
"31","3105","310559"
"31","3105","310560"
"31","3105","310590"
"32","3201","320110"
"32","3201","320190"
"32","3202","320210"
"32","3202","320290"
"32","3203","320300"
"32","3204","320411"
"32","3204","320412"
"32","3204","320413"
"32","3204","320414"
"32","3204","320415"
"32","3204","320416"
"32","3204","320417"
"32","3204","320419"
"32","3204","320420"
"32","3204","320490"
"32","3205","320500"
"32","3206","320611"
"32","3206","320619"
"32","3206","320620"
"32","3206","320641"
"32","3206","320642"
"32","3206","320649"
"32","3206","320650"
"32","3207","320710"
"32","3207","320720"
"32","3207","320730"
"32","3207","320740"
"32","3208","320810"
"32","3208","320820"
"32","3208","320890"
"32","3209","320910"
"32","3209","320990"
"32","3210","321000"
"32","3211","321100"
"32","3212","321210"
"32","3212","321290"
"32","3213","321310"
"32","3213","321390"
"32","3214","321410"
"32","3214","321490"
"32","3215","321511"
"32","3215","321519"
"32","3215","321590"
"33","3301","330112"
"33","3301","330113"
"33","3301","330119"
"33","3301","330124"
"33","3301","330125"
"33","3301","330129"
"33","3301","330130"
"33","3301","330190"
"33","3302","330210"
"33","3302","330290"
"33","3303","330300"
"33","3304","330410"
"33","3304","330420"
"33","3304","330430"
"33","3304","330491"
"33","3304","330499"
"33","3305","330510"
"33","3305","330520"
"33","3305","330530"
"33","3305","330590"
"33","3306","330610"
"33","3306","330620"
"33","3306","330690"
"33","3307","330710"
"33","3307","330720"
"33","3307","330730"
"33","3307","330741"
"33","3307","330749"
"33","3307","330790"
"34","3401","340111"
"34","3401","340119"
"34","3401","340120"
"34","3401","340130"
"34","3402","340211"
"34","3402","340212"
"34","3402","340213"
"34","3402","340219"
"34","3402","340220"
"34","3402","340290"
"34","3403","340311"
"34","3403","340319"
"34","3403","340391"
"34","3403","340399"
"34","3404","340420"
"34","3404","340490"
"34","3405","340510"
"34","3405","340520"
"34","3405","340530"
"34","3405","340540"
"34","3405","340590"
"34","3406","340600"
"34","3407","340700"
"35","3501","350110"
"35","3501","350190"
"35","3502","350211"
"35","3502","350220"
"35","3502","350290"
"35","3503","350300"
"35","3504","350400"
"35","3505","350510"
"35","3505","350520"
"35","3506","350610"
"35","3506","350691"
"35","3506","350699"
"35","3507","350790"
"36","3601","360100"
"36","3603","360300"
"36","3604","360410"
"36","3604","360490"
"36","3605","360500"
"36","3606","360610"
"36","3606","360690"
"37","3701","370110"
"37","3701","370120"
"37","3701","370130"
"37","3701","370191"
"37","3701","370199"
"37","3702","370210"
"37","3702","370231"
"37","3702","370232"
"37","3702","370239"
"37","3702","370242"
"37","3702","370243"
"37","3702","370244"
"37","3702","370252"
"37","3702","370254"
"37","3702","370255"
"37","3702","370256"
"37","3702","370296"
"37","3702","370297"
"37","3703","370310"
"37","3703","370320"
"37","3703","370390"
"37","3704","370400"
"37","3705","370500"
"37","3706","370610"
"37","3707","370710"
"37","3707","370790"
"38","3801","380110"
"38","3801","380120"
"38","3801","380130"
"38","3801","380190"
"38","3802","380210"
"38","3802","380290"
"38","3803","380300"
"38","3804","380400"
"38","3805","380510"
"38","3805","380590"
"38","3806","380610"
"38","3806","380620"
"38","3806","380630"
"38","3806","380690"
"38","3807","380700"
"38","3808","380869"
"38","3808","380891"
"38","3808","380892"
"38","3808","380893"
"38","3808","380894"
"38","3808","380899"
"38","3809","380910"
"38","3809","380991"
"38","3809","380992"
"38","3809","380993"
"38","3810","381010"
"38","3810","381090"
"38","3811","381119"
"38","3811","381121"
"38","3811","381129"
"38","3811","381190"
"38","3812","381210"
"38","3812","381220"
"38","3812","381231"
"38","3812","381239"
"38","3813","381300"
"38","3814","381400"
"38","3815","381511"
"38","3815","381512"
"38","3815","381519"
"38","3815","381590"
"38","3816","381600"
"38","3817","381700"
"38","3818","381800"
"38","3819","381900"
"38","3820","382000"
"38","3821","382100"
"38","3822","382200"
"38","3823","382311"
"38","3823","382312"
"38","3823","382313"
"38","3823","382319"
"38","3823","382370"
"38","3824","382410"
"38","3824","382430"
"38","3824","382440"
"38","3824","382450"
"38","3824","382460"
"38","3824","382471"
"38","3824","382475"
"38","3824","382476"
"38","3824","382478"
"38","3824","382479"
"38","3824","382481"
"38","3824","382484"
"38","3824","382491"
"38","3824","382499"
"38","3825","382590"
"38","3826","382600"
"39","3901","390110"
"39","3901","390120"
"39","3901","390130"
"39","3901","390140"
"39","3901","390190"
"39","3902","390210"
"39","3902","390220"
"39","3902","390230"
"39","3902","390290"
"39","3903","390311"
"39","3903","390319"
"39","3903","390320"
"39","3903","390330"
"39","3903","390390"
"39","3904","390410"
"39","3904","390421"
"39","3904","390422"
"39","3904","390430"
"39","3904","390440"
"39","3904","390450"
"39","3904","390461"
"39","3904","390469"
"39","3904","390490"
"39","3905","390512"
"39","3905","390519"
"39","3905","390521"
"39","3905","390529"
"39","3905","390530"
"39","3905","390591"
"39","3905","390599"
"39","3906","390610"
"39","3906","390690"
"39","3907","390710"
"39","3907","390720"
"39","3907","390730"
"39","3907","390740"
"39","3907","390750"
"39","3907","390761"
"39","3907","390769"
"39","3907","390770"
"39","3907","390791"
"39","3907","390799"
"39","3908","390810"
"39","3908","390890"
"39","3909","390910"
"39","3909","390920"
"39","3909","390931"
"39","3909","390939"
"39","3909","390940"
"39","3909","390950"
"39","3910","391000"
"39","3911","391110"
"39","3911","391190"
"39","3912","391211"
"39","3912","391212"
"39","3912","391220"
"39","3912","391231"
"39","3912","391239"
"39","3912","391290"
"39","3913","391310"
"39","3913","391390"
"39","3914","391400"
"39","3915","391510"
"39","3915","391520"
"39","3915","391530"
"39","3915","391590"
"39","3916","391610"
"39","3916","391620"
"39","3916","391690"
"39","3917","391710"
"39","3917","391721"
"39","3917","391722"
"39","3917","391723"
"39","3917","391729"
"39","3917","391731"
"39","3917","391732"
"39","3917","391733"
"39","3917","391739"
"39","3917","391740"
"39","3918","391810"
"39","3918","391890"
"39","3919","391910"
"39","3919","391990"
"39","3920","392010"
"39","3920","392020"
"39","3920","392030"
"39","3920","392043"
"39","3920","392049"
"39","3920","392051"
"39","3920","392059"
"39","3920","392061"
"39","3920","392062"
"39","3920","392063"
"39","3920","392069"
"39","3920","392071"
"39","3920","392073"
"39","3920","392079"
"39","3920","392091"
"39","3920","392092"
"39","3920","392093"
"39","3920","392094"
"39","3920","392099"
"39","3921","392111"
"39","3921","392112"
"39","3921","392113"
"39","3921","392114"
"39","3921","392119"
"39","3921","392190"
"39","3922","392210"
"39","3922","392220"
"39","3922","392290"
"39","3923","392310"
"39","3923","392321"
"39","3923","392329"
"39","3923","392330"
"39","3923","392340"
"39","3923","392350"
"39","3923","392390"
"39","3924","392410"
"39","3924","392490"
"39","3925","392510"
"39","3925","392520"
"39","3925","392530"
"39","3925","392590"
"39","3926","392610"
"39","3926","392620"
"39","3926","392630"
"39","3926","392640"
"39","3926","392690"
"40","4001","400129"
"40","4002","400211"
"40","4002","400219"
"40","4002","400220"
"40","4002","400231"
"40","4002","400239"
"40","4002","400241"
"40","4002","400249"
"40","4002","400251"
"40","4002","400259"
"40","4002","400260"
"40","4002","400270"
"40","4002","400291"
"40","4002","400299"
"40","4003","400300"
"40","4005","400510"
"40","4005","400520"
"40","4005","400591"
"40","4005","400599"
"40","4006","400610"
"40","4006","400690"
"40","4007","400700"
"40","4008","400811"
"40","4008","400819"
"40","4008","400821"
"40","4008","400829"
"40","4009","400911"
"40","4009","400912"
"40","4009","400921"
"40","4009","400922"
"40","4009","400931"
"40","4009","400932"
"40","4009","400941"
"40","4009","400942"
"40","4010","401011"
"40","4010","401012"
"40","4010","401019"
"40","4010","401031"
"40","4010","401032"
"40","4010","401033"
"40","4010","401034"
"40","4010","401035"
"40","4010","401036"
"40","4010","401039"
"40","4011","401110"
"40","4011","401120"
"40","4011","401130"
"40","4011","401140"
"40","4011","401150"
"40","4011","401170"
"40","4011","401180"
"40","4011","401190"
"40","4012","401212"
"40","4012","401213"
"40","4012","401220"
"40","4012","401290"
"40","4013","401310"
"40","4013","401320"
"40","4013","401390"
"40","4014","401410"
"40","4014","401490"
"40","4015","401511"
"40","4015","401519"
"40","4015","401590"
"40","4016","401610"
"40","4016","401691"
"40","4016","401692"
"40","4016","401693"
"40","4016","401694"
"40","4016","401695"
"40","4016","401699"
"40","4017","401700"
"41","4101","410120"
"41","4101","410150"
"41","4101","410190"
"41","4102","410210"
"41","4103","410330"
"41","4103","410390"
"41","4104","410411"
"41","4104","410419"
"41","4104","410441"
"41","4104","410449"
"41","4105","410530"
"41","4106","410631"
"41","4107","410711"
"41","4107","410712"
"41","4107","410719"
"41","4107","410791"
"41","4107","410792"
"41","4107","410799"
"41","4112","411200"
"41","4113","411310"
"41","4113","411320"
"41","4113","411330"
"41","4113","411390"
"41","4114","411410"
"41","4114","411420"
"41","4115","411510"
"42","4201","420100"
"42","4202","420211"
"42","4202","420212"
"42","4202","420219"
"42","4202","420221"
"42","4202","420222"
"42","4202","420229"
"42","4202","420231"
"42","4202","420232"
"42","4202","420239"
"42","4202","420291"
"42","4202","420292"
"42","4202","420299"
"42","4203","420310"
"42","4203","420321"
"42","4203","420329"
"42","4203","420330"
"42","4203","420340"
"42","4205","420500"
"43","4301","430110"
"43","4301","430180"
"43","4301","430190"
"43","4302","430211"
"43","4302","430219"
"43","4302","430220"
"43","4302","430230"
"43","4303","430310"
"43","4303","430390"
"43","4304","430400"
"44","4401","440112"
"44","4401","440121"
"44","4401","440122"
"44","4401","440140"
"44","4402","440290"
"44","4403","440311"
"44","4403","440312"
"44","4403","440321"
"44","4403","440322"
"44","4403","440323"
"44","4403","440324"
"44","4403","440325"
"44","4403","440326"
"44","4403","440391"
"44","4403","440395"
"44","4403","440397"
"44","4403","440398"
"44","4403","440399"
"44","4404","440420"
"44","4405","440500"
"44","4406","440691"
"44","4407","440711"
"44","4407","440712"
"44","4407","440719"
"44","4407","440729"
"44","4407","440791"
"44","4407","440792"
"44","4407","440793"
"44","4407","440794"
"44","4407","440795"
"44","4407","440796"
"44","4407","440797"
"44","4407","440799"
"44","4408","440810"
"44","4408","440831"
"44","4408","440839"
"44","4408","440890"
"44","4409","440929"
"44","4410","441011"
"44","4410","441012"
"44","4410","441019"
"44","4410","441090"
"44","4411","441112"
"44","4411","441113"
"44","4411","441114"
"44","4411","441192"
"44","4411","441193"
"44","4411","441194"
"44","4412","441210"
"44","4412","441231"
"44","4412","441233"
"44","4412","441234"
"44","4412","441239"
"44","4412","441294"
"44","4412","441299"
"44","4413","441300"
"44","4414","441400"
"44","4415","441510"
"44","4415","441520"
"44","4416","441600"
"44","4417","441700"
"44","4418","441810"
"44","4418","441820"
"44","4418","441860"
"44","4418","441875"
"44","4418","441879"
"44","4418","441899"
"44","4419","441911"
"44","4419","441912"
"44","4419","441919"
"44","4419","441990"
"44","4420","442010"
"44","4420","442090"
"44","4421","442110"
"44","4421","442191"
"44","4421","442199"
"45","4501","450190"
"45","4503","450310"
"45","4503","450390"
"45","4504","450410"
"45","4504","450490"
"46","4601","460121"
"46","4601","460194"
"46","4601","460199"
"46","4602","460219"
"46","4602","460290"
"47","4701","470100"
"47","4702","470200"
"47","4703","470311"
"47","4703","470319"
"47","4703","470321"
"47","4703","470329"
"47","4704","470411"
"47","4704","470429"
"47","4705","470500"
"47","4706","470610"
"47","4706","470620"
"47","4706","470692"
"47","4707","470710"
"47","4707","470720"
"47","4707","470730"
"47","4707","470790"
"48","4801","480100"
"48","4802","480210"
"48","4802","480220"
"48","4802","480240"
"48","4802","480254"
"48","4802","480255"
"48","4802","480256"
"48","4802","480257"
"48","4802","480258"
"48","4802","480261"
"48","4802","480262"
"48","4802","480269"
"48","4803","480300"
"48","4804","480411"
"48","4804","480419"
"48","4804","480421"
"48","4804","480429"
"48","4804","480431"
"48","4804","480439"
"48","4804","480441"
"48","4804","480442"
"48","4804","480449"
"48","4804","480451"
"48","4804","480452"
"48","4804","480459"
"48","4805","480519"
"48","4805","480524"
"48","4805","480525"
"48","4805","480530"
"48","4805","480540"
"48","4805","480591"
"48","4805","480592"
"48","4805","480593"
"48","4806","480610"
"48","4806","480620"
"48","4806","480630"
"48","4806","480640"
"48","4807","480700"
"48","4808","480810"
"48","4808","480840"
"48","4808","480890"
"48","4809","480920"
"48","4809","480990"
"48","4810","481013"
"48","4810","481014"
"48","4810","481019"
"48","4810","481022"
"48","4810","481029"
"48","4810","481031"
"48","4810","481032"
"48","4810","481039"
"48","4810","481092"
"48","4810","481099"
"48","4811","481110"
"48","4811","481141"
"48","4811","481149"
"48","4811","481151"
"48","4811","481159"
"48","4811","481160"
"48","4811","481190"
"48","4812","481200"
"48","4814","481420"
"48","4814","481490"
"48","4816","481620"
"48","4816","481690"
"48","4817","481710"
"48","4817","481720"
"48","4817","481730"
"48","4818","481810"
"48","4818","481820"
"48","4818","481830"
"48","4818","481890"
"48","4819","481910"
"48","4819","481920"
"48","4819","481930"
"48","4819","481940"
"48","4819","481950"
"48","4819","481960"
"48","4820","482010"
"48","4820","482020"
"48","4820","482030"
"48","4820","482040"
"48","4820","482050"
"48","4820","482090"
"48","4821","482110"
"48","4821","482190"
"48","4822","482210"
"48","4822","482290"
"48","4823","482320"
"48","4823","482340"
"48","4823","482369"
"48","4823","482370"
"48","4823","482390"
"49","4901","490110"
"49","4901","490191"
"49","4901","490199"
"49","4902","490210"
"49","4902","490290"
"49","4903","490300"
"49","4904","490400"
"49","4905","490510"
"49","4905","490591"
"49","4905","490599"
"49","4906","490600"
"49","4907","490700"
"49","4908","490810"
"49","4908","490890"
"49","4909","490900"
"49","4910","491000"
"49","4911","491110"
"49","4911","491191"
"49","4911","491199"
"50","5007","500710"
"50","5007","500720"
"50","5007","500790"
"51","5101","510111"
"51","5103","510310"
"51","5105","510510"
"51","5106","510620"
"51","5107","510710"
"51","5107","510720"
"51","5108","510810"
"51","5108","510820"
"51","5109","510910"
"51","5109","510990"
"51","5110","511000"
"51","5111","511111"
"51","5111","511119"
"51","5111","511120"
"51","5111","511130"
"51","5111","511190"
"51","5112","511211"
"51","5112","511219"
"51","5112","511220"
"51","5112","511230"
"51","5112","511290"
"52","5201","520100"
"52","5202","520210"
"52","5202","520299"
"52","5203","520300"
"52","5204","520411"
"52","5204","520419"
"52","5204","520420"
"52","5205","520511"
"52","5205","520512"
"52","5205","520513"
"52","5205","520522"
"52","5205","520523"
"52","5205","520524"
"52","5205","520531"
"52","5205","520543"
"52","5205","520544"
"52","5206","520612"
"52","5206","520613"
"52","5206","520621"
"52","5206","520623"
"52","5206","520631"
"52","5207","520710"
"52","5208","520811"
"52","5208","520812"
"52","5208","520819"
"52","5208","520821"
"52","5208","520822"
"52","5208","520829"
"52","5208","520831"
"52","5208","520832"
"52","5208","520839"
"52","5208","520841"
"52","5208","520842"
"52","5208","520843"
"52","5208","520849"
"52","5208","520851"
"52","5208","520852"
"52","5208","520859"
"52","5209","520911"
"52","5209","520912"
"52","5209","520919"
"52","5209","520921"
"52","5209","520922"
"52","5209","520929"
"52","5209","520931"
"52","5209","520932"
"52","5209","520939"
"52","5209","520941"
"52","5209","520942"
"52","5209","520943"
"52","5209","520949"
"52","5209","520951"
"52","5209","520959"
"52","5210","521011"
"52","5210","521019"
"52","5210","521021"
"52","5210","521031"
"52","5210","521032"
"52","5210","521039"
"52","5210","521041"
"52","5210","521049"
"52","5210","521051"
"52","5210","521059"
"52","5211","521111"
"52","5211","521112"
"52","5211","521120"
"52","5211","521131"
"52","5211","521132"
"52","5211","521139"
"52","5211","521141"
"52","5211","521142"
"52","5211","521143"
"52","5211","521149"
"52","5211","521151"
"52","5211","521152"
"52","5211","521159"
"52","5212","521211"
"52","5212","521213"
"52","5212","521214"
"52","5212","521215"
"52","5212","521221"
"52","5212","521222"
"52","5212","521223"
"52","5212","521224"
"52","5212","521225"
"53","5306","530610"
"53","5306","530620"
"53","5307","530720"
"53","5308","530890"
"53","5309","530911"
"53","5309","530919"
"53","5309","530921"
"53","5309","530929"
"53","5311","531100"
"54","5401","540110"
"54","5401","540120"
"54","5402","540211"
"54","5402","540219"
"54","5402","540220"
"54","5402","540231"
"54","5402","540232"
"54","5402","540233"
"54","5402","540234"
"54","5402","540239"
"54","5402","540244"
"54","5402","540245"
"54","5402","540246"
"54","5402","540247"
"54","5402","540248"
"54","5402","540249"
"54","5402","540251"
"54","5402","540252"
"54","5402","540253"
"54","5402","540259"
"54","5402","540261"
"54","5402","540262"
"54","5402","540263"
"54","5402","540269"
"54","5403","540310"
"54","5403","540331"
"54","5403","540333"
"54","5403","540339"
"54","5403","540349"
"54","5404","540411"
"54","5404","540419"
"54","5404","540490"
"54","5405","540500"
"54","5406","540600"
"54","5407","540710"
"54","5407","540720"
"54","5407","540730"
"54","5407","540741"
"54","5407","540742"
"54","5407","540743"
"54","5407","540744"
"54","5407","540751"
"54","5407","540752"
"54","5407","540753"
"54","5407","540754"
"54","5407","540761"
"54","5407","540769"
"54","5407","540771"
"54","5407","540772"
"54","5407","540773"
"54","5407","540774"
"54","5407","540781"
"54","5407","540782"
"54","5407","540783"
"54","5407","540784"
"54","5407","540791"
"54","5407","540792"
"54","5407","540793"
"54","5407","540794"
"54","5408","540810"
"54","5408","540821"
"54","5408","540822"
"54","5408","540823"
"54","5408","540824"
"54","5408","540832"
"54","5408","540833"
"54","5408","540834"
"55","5501","550110"
"55","5501","550120"
"55","5501","550130"
"55","5501","550190"
"55","5502","550210"
"55","5503","550311"
"55","5503","550319"
"55","5503","550320"
"55","5503","550330"
"55","5503","550340"
"55","5503","550390"
"55","5504","550410"
"55","5504","550490"
"55","5505","550510"
"55","5506","550610"
"55","5506","550620"
"55","5506","550630"
"55","5506","550690"
"55","5507","550700"
"55","5508","550810"
"55","5509","550911"
"55","5509","550912"
"55","5509","550921"
"55","5509","550922"
"55","5509","550931"
"55","5509","550932"
"55","5509","550942"
"55","5509","550951"
"55","5509","550952"
"55","5509","550953"
"55","5509","550959"
"55","5509","550961"
"55","5509","550999"
"55","5510","551012"
"55","5510","551020"
"55","5510","551090"
"55","5511","551110"
"55","5511","551120"
"55","5512","551211"
"55","5512","551219"
"55","5512","551221"
"55","5512","551229"
"55","5512","551291"
"55","5512","551299"
"55","5513","551321"
"55","5513","551323"
"55","5513","551329"
"55","5513","551331"
"55","5514","551411"
"55","5514","551412"
"55","5514","551419"
"55","5514","551421"
"55","5514","551422"
"55","5514","551423"
"55","5514","551429"
"55","5514","551430"
"55","5514","551441"
"55","5514","551443"
"55","5514","551449"
"55","5515","551511"
"55","5515","551512"
"55","5515","551513"
"55","5515","551519"
"55","5515","551521"
"55","5515","551529"
"55","5515","551591"
"55","5515","551599"
"55","5516","551611"
"55","5516","551612"
"55","5516","551613"
"55","5516","551614"
"55","5516","551621"
"55","5516","551622"
"55","5516","551623"
"55","5516","551624"
"55","5516","551632"
"55","5516","551633"
"55","5516","551641"
"55","5516","551642"
"55","5516","551643"
"55","5516","551644"
"55","5516","551692"
"55","5516","551693"
"55","5516","551694"
"56","5601","560121"
"56","5601","560122"
"56","5601","560129"
"56","5601","560130"
"56","5602","560210"
"56","5602","560221"
"56","5602","560229"
"56","5602","560290"
"56","5603","560311"
"56","5603","560312"
"56","5603","560313"
"56","5603","560314"
"56","5603","560391"
"56","5603","560392"
"56","5603","560393"
"56","5603","560394"
"56","5604","560410"
"56","5604","560490"
"56","5605","560500"
"56","5606","560600"
"56","5607","560729"
"56","5607","560741"
"56","5607","560749"
"56","5607","560750"
"56","5607","560790"
"56","5608","560819"
"56","5608","560890"
"56","5609","560900"
"57","5701","570110"
"57","5701","570190"
"57","5702","570210"
"57","5702","570231"
"57","5702","570232"
"57","5702","570241"
"57","5702","570242"
"57","5702","570249"
"57","5702","570250"
"57","5702","570291"
"57","5702","570292"
"57","5702","570299"
"57","5703","570310"
"57","5703","570320"
"57","5703","570330"
"57","5703","570390"
"57","5704","570420"
"57","5704","570490"
"57","5705","570500"
"58","5801","580110"
"58","5801","580121"
"58","5801","580122"
"58","5801","580126"
"58","5801","580127"
"58","5801","580131"
"58","5801","580132"
"58","5801","580133"
"58","5801","580136"
"58","5801","580137"
"58","5801","580190"
"58","5802","580211"
"58","5802","580219"
"58","5802","580220"
"58","5802","580230"
"58","5803","580300"
"58","5804","580410"
"58","5804","580421"
"58","5804","580429"
"58","5805","580500"
"58","5806","580610"
"58","5806","580620"
"58","5806","580631"
"58","5806","580632"
"58","5806","580639"
"58","5806","580640"
"58","5807","580710"
"58","5807","580790"
"58","5808","580810"
"58","5808","580890"
"58","5809","580900"
"58","5810","581010"
"58","5810","581091"
"58","5810","581092"
"58","5810","581099"
"58","5811","581100"
"59","5901","590110"
"59","5901","590190"
"59","5902","590210"
"59","5902","590220"
"59","5902","590290"
"59","5903","590310"
"59","5903","590320"
"59","5903","590390"
"59","5904","590490"
"59","5905","590500"
"59","5906","590610"
"59","5906","590691"
"59","5906","590699"
"59","5907","590700"
"59","5908","590800"
"59","5909","590900"
"59","5910","591000"
"59","5911","591110"
"59","5911","591120"
"59","5911","591131"
"59","5911","591132"
"59","5911","591140"
"59","5911","591190"
"60","6001","600110"
"60","6001","600121"
"60","6001","600122"
"60","6001","600191"
"60","6001","600192"
"60","6001","600199"
"60","6002","600240"
"60","6002","600290"
"60","6003","600320"
"60","6003","600330"
"60","6003","600340"
"60","6003","600390"
"60","6004","600410"
"60","6004","600490"
"60","6005","600521"
"60","6005","600522"
"60","6005","600523"
"60","6005","600535"
"60","6005","600536"
"60","6005","600537"
"60","6005","600538"
"60","6005","600542"
"60","6005","600543"
"60","6005","600590"
"60","6006","600610"
"60","6006","600621"
"60","6006","600622"
"60","6006","600623"
"60","6006","600624"
"60","6006","600631"
"60","6006","600632"
"60","6006","600633"
"60","6006","600634"
"60","6006","600641"
"60","6006","600642"
"60","6006","600643"
"60","6006","600644"
"60","6006","600690"
"61","6101","610120"
"61","6101","610130"
"61","6101","610190"
"61","6102","610210"
"61","6102","610220"
"61","6102","610230"
"61","6102","610290"
"61","6103","610310"
"61","6103","610322"
"61","6103","610323"
"61","6103","610329"
"61","6103","610331"
"61","6103","610332"
"61","6103","610333"
"61","6103","610339"
"61","6103","610341"
"61","6103","610342"
"61","6103","610343"
"61","6103","610349"
"61","6104","610413"
"61","6104","610422"
"61","6104","610423"
"61","6104","610431"
"61","6104","610432"
"61","6104","610433"
"61","6104","610439"
"61","6104","610441"
"61","6104","610442"
"61","6104","610443"
"61","6104","610444"
"61","6104","610449"
"61","6104","610451"
"61","6104","610452"
"61","6104","610453"
"61","6104","610459"
"61","6104","610461"
"61","6104","610462"
"61","6104","610463"
"61","6104","610469"
"61","6105","610510"
"61","6105","610520"
"61","6105","610590"
"61","6106","610610"
"61","6106","610620"
"61","6106","610690"
"61","6107","610711"
"61","6107","610712"
"61","6107","610719"
"61","6107","610721"
"61","6107","610722"
"61","6107","610799"
"61","6108","610811"
"61","6108","610821"
"61","6108","610822"
"61","6108","610829"
"61","6108","610831"
"61","6108","610832"
"61","6108","610839"
"61","6108","610891"
"61","6108","610892"
"61","6109","610910"
"61","6109","610990"
"61","6110","611011"
"61","6110","611012"
"61","6110","611019"
"61","6110","611020"
"61","6110","611030"
"61","6110","611090"
"61","6111","611120"
"61","6111","611130"
"61","6112","611211"
"61","6112","611212"
"61","6112","611219"
"61","6112","611220"
"61","6112","611231"
"61","6112","611241"
"61","6112","611249"
"61","6113","611300"
"61","6114","611420"
"61","6114","611430"
"61","6114","611490"
"61","6115","611510"
"61","6115","611521"
"61","6115","611522"
"61","6115","611529"
"61","6115","611530"
"61","6115","611594"
"61","6115","611595"
"61","6115","611596"
"61","6115","611599"
"61","6116","611610"
"61","6116","611691"
"61","6116","611692"
"61","6116","611693"
"61","6116","611699"
"61","6117","611710"
"61","6117","611780"
"61","6117","611790"
"62","6201","620111"
"62","6201","620112"
"62","6201","620113"
"62","6201","620119"
"62","6201","620191"
"62","6201","620192"
"62","6201","620193"
"62","6201","620199"
"62","6202","620211"
"62","6202","620212"
"62","6202","620213"
"62","6202","620219"
"62","6202","620291"
"62","6202","620292"
"62","6202","620293"
"62","6202","620299"
"62","6203","620311"
"62","6203","620312"
"62","6203","620319"
"62","6203","620322"
"62","6203","620323"
"62","6203","620331"
"62","6203","620332"
"62","6203","620333"
"62","6203","620339"
"62","6203","620341"
"62","6203","620342"
"62","6203","620343"
"62","6203","620349"
"62","6204","620422"
"62","6204","620423"
"62","6204","620429"
"62","6204","620431"
"62","6204","620432"
"62","6204","620433"
"62","6204","620439"
"62","6204","620441"
"62","6204","620442"
"62","6204","620443"
"62","6204","620444"
"62","6204","620449"
"62","6204","620451"
"62","6204","620452"
"62","6204","620453"
"62","6204","620459"
"62","6204","620461"
"62","6204","620462"
"62","6204","620463"
"62","6204","620469"
"62","6205","620520"
"62","6205","620530"
"62","6205","620590"
"62","6206","620610"
"62","6206","620620"
"62","6206","620630"
"62","6206","620640"
"62","6206","620690"
"62","6207","620711"
"62","6207","620719"
"62","6207","620721"
"62","6207","620722"
"62","6207","620791"
"62","6207","620799"
"62","6208","620811"
"62","6208","620821"
"62","6208","620822"
"62","6208","620829"
"62","6208","620891"
"62","6208","620892"
"62","6208","620899"
"62","6209","620920"
"62","6209","620930"
"62","6210","621010"
"62","6210","621020"
"62","6210","621040"
"62","6210","621050"
"62","6211","621111"
"62","6211","621112"
"62","6211","621120"
"62","6211","621132"
"62","6211","621133"
"62","6211","621139"
"62","6211","621142"
"62","6211","621143"
"62","6211","621149"
"62","6212","621210"
"62","6212","621220"
"62","6212","621230"
"62","6212","621290"
"62","6213","621320"
"62","6213","621390"
"62","6214","621410"
"62","6214","621420"
"62","6214","621430"
"62","6214","621440"
"62","6214","621490"
"62","6215","621510"
"62","6215","621520"
"62","6215","621590"
"62","6216","621600"
"62","6217","621710"
"62","6217","621790"
"63","6301","630110"
"63","6301","630120"
"63","6301","630130"
"63","6301","630140"
"63","6301","630190"
"63","6302","630210"
"63","6302","630221"
"63","6302","630222"
"63","6302","630229"
"63","6302","630231"
"63","6302","630232"
"63","6302","630239"
"63","6302","630251"
"63","6302","630253"
"63","6302","630259"
"63","6302","630260"
"63","6302","630291"
"63","6302","630293"
"63","6303","630312"
"63","6303","630319"
"63","6303","630391"
"63","6303","630392"
"63","6303","630399"
"63","6304","630411"
"63","6304","630419"
"63","6304","630491"
"63","6304","630492"
"63","6304","630493"
"63","6304","630499"
"63","6305","630520"
"63","6305","630532"
"63","6305","630533"
"63","6305","630539"
"63","6305","630590"
"63","6306","630612"
"63","6306","630619"
"63","6306","630622"
"63","6306","630629"
"63","6306","630630"
"63","6306","630640"
"63","6306","630690"
"63","6307","630710"
"63","6307","630720"
"63","6307","630790"
"63","6308","630800"
"63","6310","631010"
"63","6310","631090"
"64","6401","640110"
"64","6401","640192"
"64","6401","640199"
"64","6402","640212"
"64","6402","640219"
"64","6402","640220"
"64","6402","640291"
"64","6402","640299"
"64","6403","640312"
"64","6403","640319"
"64","6403","640340"
"64","6403","640351"
"64","6403","640359"
"64","6403","640391"
"64","6403","640399"
"64","6404","640411"
"64","6404","640419"
"64","6404","640420"
"64","6405","640510"
"64","6405","640520"
"64","6405","640590"
"64","6406","640610"
"64","6406","640620"
"64","6406","640690"
"65","6501","650100"
"65","6504","650400"
"65","6505","650500"
"65","6506","650610"
"65","6506","650691"
"65","6506","650699"
"65","6507","650700"
"66","6601","660110"
"66","6601","660191"
"66","6601","660199"
"66","6602","660200"
"66","6603","660320"
"66","6603","660390"
"67","6701","670100"
"67","6702","670210"
"67","6702","670290"
"67","6703","670300"
"67","6704","670411"
"67","6704","670419"
"67","6704","670420"
"67","6704","670490"
"68","6802","680221"
"68","6802","680223"
"68","6802","680229"
"68","6802","680291"
"68","6802","680292"
"68","6802","680293"
"68","6802","680299"
"68","6803","680300"
"68","6804","680410"
"68","6804","680421"
"68","6804","680422"
"68","6804","680423"
"68","6804","680430"
"68","6805","680510"
"68","6805","680520"
"68","6805","680530"
"68","6806","680610"
"68","6806","680620"
"68","6806","680690"
"68","6807","680710"
"68","6807","680790"
"68","6808","680800"
"68","6809","680911"
"68","6809","680919"
"68","6809","680990"
"68","6810","681011"
"68","6810","681019"
"68","6810","681091"
"68","6810","681099"
"68","6811","681140"
"68","6811","681182"
"68","6811","681189"
"68","6812","681280"
"68","6812","681291"
"68","6812","681292"
"68","6812","681293"
"68","6812","681299"
"68","6813","681320"
"68","6813","681381"
"68","6813","681389"
"68","6814","681410"
"68","6814","681490"
"68","6815","681510"
"68","6815","681591"
"68","6815","681599"
"69","6901","690100"
"69","6902","690210"
"69","6902","690220"
"69","6902","690290"
"69","6903","690310"
"69","6903","690320"
"69","6903","690390"
"69","6904","690410"
"69","6904","690490"
"69","6905","690590"
"69","6906","690600"
"69","6907","690721"
"69","6907","690722"
"69","6907","690723"
"69","6907","690740"
"69","6909","690911"
"69","6909","690912"
"69","6909","690919"
"69","6909","690990"
"69","6910","691010"
"69","6910","691090"
"69","6911","691110"
"69","6911","691190"
"69","6912","691200"
"69","6913","691310"
"69","6913","691390"
"69","6914","691410"
"69","6914","691490"
"70","7001","700100"
"70","7002","700210"
"70","7002","700220"
"70","7002","700231"
"70","7002","700232"
"70","7002","700239"
"70","7003","700312"
"70","7003","700319"
"70","7003","700330"
"70","7004","700420"
"70","7004","700490"
"70","7005","700510"
"70","7005","700521"
"70","7005","700529"
"70","7005","700530"
"70","7006","700600"
"70","7007","700711"
"70","7007","700719"
"70","7007","700721"
"70","7007","700729"
"70","7008","700800"
"70","7009","700910"
"70","7009","700991"
"70","7009","700992"
"70","7010","701010"
"70","7010","701020"
"70","7010","701090"
"70","7011","701110"
"70","7011","701120"
"70","7011","701190"
"70","7013","701310"
"70","7013","701322"
"70","7013","701328"
"70","7013","701333"
"70","7013","701337"
"70","7013","701341"
"70","7013","701342"
"70","7013","701349"
"70","7013","701391"
"70","7013","701399"
"70","7014","701400"
"70","7015","701510"
"70","7015","701590"
"70","7016","701610"
"70","7016","701690"
"70","7017","701710"
"70","7017","701720"
"70","7017","701790"
"70","7018","701810"
"70","7018","701820"
"70","7018","701890"
"70","7019","701911"
"70","7019","701912"
"70","7019","701919"
"70","7019","701931"
"70","7019","701932"
"70","7019","701939"
"70","7019","701940"
"70","7019","701951"
"70","7019","701952"
"70","7019","701959"
"70","7019","701990"
"70","7020","702000"
"71","7101","710122"
"71","7102","710221"
"71","7102","710229"
"71","7102","710231"
"71","7102","710239"
"71","7103","710310"
"71","7103","710391"
"71","7103","710399"
"71","7104","710410"
"71","7104","710420"
"71","7104","710490"
"71","7105","710510"
"71","7105","710590"
"71","7106","710610"
"71","7106","710691"
"71","7106","710692"
"71","7107","710700"
"71","7108","710811"
"71","7108","710812"
"71","7108","710813"
"71","7109","710900"
"71","7110","711011"
"71","7110","711019"
"71","7110","711021"
"71","7110","711029"
"71","7110","711031"
"71","7110","711039"
"71","7110","711041"
"71","7110","711049"
"71","7111","711100"
"71","7112","711292"
"71","7113","711311"
"71","7113","711319"
"71","7113","711320"
"71","7114","711411"
"71","7114","711419"
"71","7114","711420"
"71","7115","711510"
"71","7115","711590"
"71","7116","711610"
"71","7116","711620"
"71","7117","711711"
"71","7117","711719"
"71","7117","711790"
"71","7118","711810"
"72","7201","720150"
"72","7202","720219"
"72","7202","720221"
"72","7202","720229"
"72","7202","720241"
"72","7202","720249"
"72","7202","720260"
"72","7202","720280"
"72","7202","720291"
"72","7202","720292"
"72","7202","720293"
"72","7202","720299"
"72","7203","720310"
"72","7203","720390"
"72","7204","720421"
"72","7204","720429"
"72","7204","720449"
"72","7205","720510"
"72","7205","720521"
"72","7205","720529"
"72","7206","720610"
"72","7206","720690"
"72","7207","720711"
"72","7207","720719"
"72","7208","720810"
"72","7208","720825"
"72","7208","720826"
"72","7208","720827"
"72","7208","720837"
"72","7208","720839"
"72","7208","720840"
"72","7208","720851"
"72","7208","720852"
"72","7208","720853"
"72","7208","720854"
"72","7208","720890"
"72","7209","720915"
"72","7209","720916"
"72","7209","720917"
"72","7209","720918"
"72","7209","720925"
"72","7209","720926"
"72","7209","720927"
"72","7209","720928"
"72","7209","720990"
"72","7210","721030"
"72","7210","721049"
"72","7210","721050"
"72","7210","721061"
"72","7210","721069"
"72","7210","721070"
"72","7210","721090"
"72","7211","721113"
"72","7211","721114"
"72","7211","721119"
"72","7211","721123"
"72","7211","721129"
"72","7211","721190"
"72","7212","721210"
"72","7212","721220"
"72","7212","721230"
"72","7212","721240"
"72","7212","721250"
"72","7212","721260"
"72","7214","721410"
"72","7214","721420"
"72","7214","721430"
"72","7214","721491"
"72","7214","721499"
"72","7215","721510"
"72","7215","721550"
"72","7215","721590"
"72","7216","721610"
"72","7216","721621"
"72","7216","721622"
"72","7216","721631"
"72","7216","721632"
"72","7216","721633"
"72","7216","721640"
"72","7216","721650"
"72","7216","721669"
"72","7216","721691"
"72","7216","721699"
"72","7217","721710"
"72","7217","721720"
"72","7217","721730"
"72","7217","721790"
"72","7218","721810"
"72","7218","721891"
"72","7218","721899"
"72","7219","721911"
"72","7219","721912"
"72","7219","721913"
"72","7219","721914"
"72","7219","721921"
"72","7219","721922"
"72","7219","721923"
"72","7219","721924"
"72","7219","721931"
"72","7219","721932"
"72","7219","721933"
"72","7219","721934"
"72","7219","721935"
"72","7219","721990"
"72","7220","722011"
"72","7220","722012"
"72","7220","722020"
"72","7220","722090"
"72","7221","722100"
"72","7222","722211"
"72","7222","722219"
"72","7222","722220"
"72","7222","722230"
"72","7222","722240"
"72","7223","722300"
"72","7224","722410"
"72","7224","722490"
"72","7225","722511"
"72","7225","722519"
"72","7225","722530"
"72","7225","722540"
"72","7225","722550"
"72","7225","722591"
"72","7225","722592"
"72","7225","722599"
"72","7226","722611"
"72","7226","722619"
"72","7226","722620"
"72","7226","722691"
"72","7226","722692"
"72","7226","722699"
"72","7227","722790"
"72","7228","722810"
"72","7228","722820"
"72","7228","722830"
"72","7228","722840"
"72","7228","722850"
"72","7228","722860"
"72","7228","722870"
"72","7229","722920"
"72","7229","722990"
"73","7301","730110"
"73","7301","730120"
"73","7302","730210"
"73","7302","730230"
"73","7302","730240"
"73","7302","730290"
"73","7303","730300"
"73","7304","730411"
"73","7304","730419"
"73","7304","730422"
"73","7304","730423"
"73","7304","730424"
"73","7304","730429"
"73","7304","730431"
"73","7304","730439"
"73","7304","730441"
"73","7304","730449"
"73","7304","730451"
"73","7304","730459"
"73","7304","730490"
"73","7305","730511"
"73","7305","730531"
"73","7305","730539"
"73","7306","730619"
"73","7306","730621"
"73","7306","730629"
"73","7306","730630"
"73","7306","730640"
"73","7306","730650"
"73","7306","730661"
"73","7306","730669"
"73","7306","730690"
"73","7307","730711"
"73","7307","730719"
"73","7307","730721"
"73","7307","730722"
"73","7307","730723"
"73","7307","730729"
"73","7307","730791"
"73","7307","730792"
"73","7307","730793"
"73","7307","730799"
"73","7308","730820"
"73","7308","730830"
"73","7308","730840"
"73","7308","730890"
"73","7309","730900"
"73","7310","731010"
"73","7310","731021"
"73","7310","731029"
"73","7311","731100"
"73","7312","731210"
"73","7312","731290"
"73","7313","731300"
"73","7314","731412"
"73","7314","731414"
"73","7314","731419"
"73","7314","731420"
"73","7314","731431"
"73","7314","731439"
"73","7314","731441"
"73","7314","731442"
"73","7314","731449"
"73","7314","731450"
"73","7315","731511"
"73","7315","731512"
"73","7315","731519"
"73","7315","731520"
"73","7315","731581"
"73","7315","731582"
"73","7315","731589"
"73","7315","731590"
"73","7316","731600"
"73","7317","731700"
"73","7318","731811"
"73","7318","731812"
"73","7318","731813"
"73","7318","731814"
"73","7318","731815"
"73","7318","731816"
"73","7318","731819"
"73","7318","731821"
"73","7318","731822"
"73","7318","731823"
"73","7318","731824"
"73","7318","731829"
"73","7319","731940"
"73","7319","731990"
"73","7320","732010"
"73","7320","732020"
"73","7320","732090"
"73","7321","732111"
"73","7321","732119"
"73","7321","732181"
"73","7321","732182"
"73","7321","732189"
"73","7321","732190"
"73","7322","732219"
"73","7322","732290"
"73","7323","732310"
"73","7323","732391"
"73","7323","732392"
"73","7323","732393"
"73","7323","732394"
"73","7323","732399"
"73","7324","732410"
"73","7324","732421"
"73","7324","732429"
"73","7324","732490"
"73","7325","732510"
"73","7325","732599"
"73","7326","732611"
"73","7326","732619"
"73","7326","732620"
"73","7326","732690"
"74","7402","740200"
"74","7403","740311"
"74","7403","740313"
"74","7403","740319"
"74","7403","740321"
"74","7403","740322"
"74","7403","740329"
"74","7404","740400"
"74","7405","740500"
"74","7406","740610"
"74","7406","740620"
"74","7407","740710"
"74","7407","740721"
"74","7407","740729"
"74","7408","740811"
"74","7408","740819"
"74","7408","740821"
"74","7408","740822"
"74","7408","740829"
"74","7409","740911"
"74","7409","740919"
"74","7409","740921"
"74","7409","740929"
"74","7409","740931"
"74","7409","740939"
"74","7409","740940"
"74","7409","740990"
"74","7410","741011"
"74","7410","741012"
"74","7410","741021"
"74","7410","741022"
"74","7411","741110"
"74","7411","741121"
"74","7411","741122"
"74","7411","741129"
"74","7412","741210"
"74","7412","741220"
"74","7413","741300"
"74","7415","741510"
"74","7415","741521"
"74","7415","741529"
"74","7415","741533"
"74","7415","741539"
"74","7418","741810"
"74","7418","741820"
"74","7419","741910"
"74","7419","741991"
"74","7419","741999"
"75","7501","750120"
"75","7502","750210"
"75","7502","750220"
"75","7504","750400"
"75","7505","750511"
"75","7505","750512"
"75","7505","750521"
"75","7505","750522"
"75","7506","750610"
"75","7506","750620"
"75","7507","750711"
"75","7507","750712"
"75","7507","750720"
"75","7508","750810"
"75","7508","750890"
"76","7601","760110"
"76","7601","760120"
"76","7602","760200"
"76","7603","760310"
"76","7603","760320"
"76","7604","760410"
"76","7604","760421"
"76","7604","760429"
"76","7605","760511"
"76","7605","760519"
"76","7605","760521"
"76","7605","760529"
"76","7606","760611"
"76","7606","760612"
"76","7606","760691"
"76","7606","760692"
"76","7607","760711"
"76","7607","760719"
"76","7607","760720"
"76","7608","760810"
"76","7608","760820"
"76","7609","760900"
"76","7610","761010"
"76","7610","761090"
"76","7611","761100"
"76","7612","761210"
"76","7612","761290"
"76","7613","761300"
"76","7614","761410"
"76","7614","761490"
"76","7615","761510"
"76","7615","761520"
"76","7616","761610"
"76","7616","761691"
"76","7616","761699"
"78","7801","780110"
"78","7801","780191"
"78","7801","780199"
"78","7804","780411"
"78","7804","780419"
"78","7804","780420"
"78","7806","780600"
"79","7901","790111"
"79","7901","790112"
"79","7901","790120"
"79","7902","790200"
"79","7903","790310"
"79","7903","790390"
"79","7904","790400"
"79","7905","790500"
"79","7907","790700"
"80","8001","800110"
"80","8001","800120"
"80","8003","800300"
"80","8007","800700"
"81","8101","810110"
"81","8101","810194"
"81","8101","810196"
"81","8101","810197"
"81","8101","810199"
"81","8102","810210"
"81","8102","810294"
"81","8102","810295"
"81","8102","810296"
"81","8102","810299"
"81","8103","810320"
"81","8103","810330"
"81","8103","810390"
"81","8104","810411"
"81","8104","810419"
"81","8104","810430"
"81","8104","810490"
"81","8105","810520"
"81","8105","810590"
"81","8106","810600"
"81","8107","810720"
"81","8107","810790"
"81","8108","810820"
"81","8108","810890"
"81","8109","810920"
"81","8109","810990"
"81","8110","811010"
"81","8110","811090"
"81","8111","811100"
"81","8112","811212"
"81","8112","811219"
"81","8112","811221"
"81","8112","811229"
"81","8112","811251"
"81","8112","811259"
"81","8112","811292"
"81","8112","811299"
"81","8113","811300"
"82","8201","820110"
"82","8201","820130"
"82","8201","820140"
"82","8201","820150"
"82","8201","820160"
"82","8201","820190"
"82","8202","820210"
"82","8202","820220"
"82","8202","820231"
"82","8202","820239"
"82","8202","820240"
"82","8202","820291"
"82","8202","820299"
"82","8203","820310"
"82","8203","820320"
"82","8203","820330"
"82","8203","820340"
"82","8204","820411"
"82","8204","820412"
"82","8204","820420"
"82","8205","820510"
"82","8205","820520"
"82","8205","820530"
"82","8205","820540"
"82","8205","820551"
"82","8205","820559"
"82","8205","820560"
"82","8205","820570"
"82","8205","820590"
"82","8206","820600"
"82","8207","820713"
"82","8207","820719"
"82","8207","820720"
"82","8207","820730"
"82","8207","820740"
"82","8207","820750"
"82","8207","820760"
"82","8207","820770"
"82","8207","820780"
"82","8207","820790"
"82","8208","820810"
"82","8208","820820"
"82","8208","820830"
"82","8208","820840"
"82","8208","820890"
"82","8209","820900"
"82","8210","821000"
"82","8211","821110"
"82","8211","821191"
"82","8211","821192"
"82","8211","821193"
"82","8211","821194"
"82","8211","821195"
"82","8212","821210"
"82","8212","821220"
"82","8212","821290"
"82","8213","821300"
"82","8214","821410"
"82","8214","821420"
"82","8214","821490"
"82","8215","821510"
"82","8215","821520"
"82","8215","821591"
"82","8215","821599"
"83","8301","830110"
"83","8301","830120"
"83","8301","830130"
"83","8301","830140"
"83","8301","830150"
"83","8301","830160"
"83","8301","830170"
"83","8302","830210"
"83","8302","830220"
"83","8302","830230"
"83","8302","830241"
"83","8302","830242"
"83","8302","830249"
"83","8302","830250"
"83","8302","830260"
"83","8303","830300"
"83","8304","830400"
"83","8305","830510"
"83","8305","830520"
"83","8305","830590"
"83","8306","830610"
"83","8306","830621"
"83","8306","830629"
"83","8306","830630"
"83","8307","830710"
"83","8307","830790"
"83","8308","830810"
"83","8308","830820"
"83","8308","830890"
"83","8309","830910"
"83","8309","830990"
"83","8310","831000"
"83","8311","831110"
"83","8311","831120"
"83","8311","831130"
"83","8311","831190"
"84","8401","840130"
"84","8401","840140"
"84","8402","840219"
"84","8402","840290"
"84","8403","840310"
"84","8403","840390"
"84","8404","840420"
"84","8404","840490"
"84","8405","840510"
"84","8405","840590"
"84","8406","840681"
"84","8406","840682"
"84","8406","840690"
"84","8407","840710"
"84","8407","840721"
"84","8407","840729"
"84","8407","840733"
"84","8407","840734"
"84","8407","840790"
"84","8408","840810"
"84","8408","840820"
"84","8408","840890"
"84","8409","840910"
"84","8409","840991"
"84","8409","840999"
"84","8410","841011"
"84","8410","841090"
"84","8411","841111"
"84","8411","841112"
"84","8411","841121"
"84","8411","841181"
"84","8411","841182"
"84","8411","841191"
"84","8411","841199"
"84","8412","841210"
"84","8412","841221"
"84","8412","841229"
"84","8412","841231"
"84","8412","841239"
"84","8412","841280"
"84","8412","841290"
"84","8413","841311"
"84","8413","841319"
"84","8413","841320"
"84","8413","841330"
"84","8413","841340"
"84","8413","841350"
"84","8413","841360"
"84","8413","841370"
"84","8413","841381"
"84","8413","841382"
"84","8413","841391"
"84","8413","841392"
"84","8414","841410"
"84","8414","841420"
"84","8414","841430"
"84","8414","841440"
"84","8414","841451"
"84","8414","841459"
"84","8414","841460"
"84","8414","841480"
"84","8414","841490"
"84","8415","841510"
"84","8415","841520"
"84","8415","841581"
"84","8415","841582"
"84","8415","841583"
"84","8415","841590"
"84","8416","841610"
"84","8416","841620"
"84","8416","841630"
"84","8416","841690"
"84","8417","841710"
"84","8417","841720"
"84","8417","841780"
"84","8417","841790"
"84","8418","841810"
"84","8418","841821"
"84","8418","841830"
"84","8418","841840"
"84","8418","841850"
"84","8418","841861"
"84","8418","841869"
"84","8418","841891"
"84","8418","841899"
"84","8419","841911"
"84","8419","841919"
"84","8419","841920"
"84","8419","841931"
"84","8419","841932"
"84","8419","841939"
"84","8419","841940"
"84","8419","841950"
"84","8419","841960"
"84","8419","841981"
"84","8419","841989"
"84","8419","841990"
"84","8420","842010"
"84","8420","842091"
"84","8420","842099"
"84","8421","842112"
"84","8421","842119"
"84","8421","842121"
"84","8421","842122"
"84","8421","842123"
"84","8421","842129"
"84","8421","842131"
"84","8421","842139"
"84","8421","842191"
"84","8421","842199"
"84","8422","842211"
"84","8422","842219"
"84","8422","842220"
"84","8422","842230"
"84","8422","842240"
"84","8422","842290"
"84","8423","842310"
"84","8423","842320"
"84","8423","842330"
"84","8423","842381"
"84","8423","842382"
"84","8423","842389"
"84","8423","842390"
"84","8424","842410"
"84","8424","842420"
"84","8424","842430"
"84","8424","842441"
"84","8424","842449"
"84","8424","842482"
"84","8424","842489"
"84","8424","842490"
"84","8425","842511"
"84","8425","842519"
"84","8425","842531"
"84","8425","842539"
"84","8425","842541"
"84","8425","842542"
"84","8425","842549"
"84","8426","842611"
"84","8426","842612"
"84","8426","842619"
"84","8426","842630"
"84","8426","842641"
"84","8426","842649"
"84","8426","842699"
"84","8427","842710"
"84","8427","842720"
"84","8427","842790"
"84","8428","842810"
"84","8428","842820"
"84","8428","842832"
"84","8428","842833"
"84","8428","842839"
"84","8428","842860"
"84","8428","842890"
"84","8429","842911"
"84","8429","842920"
"84","8429","842940"
"84","8429","842951"
"84","8429","842952"
"84","8429","842959"
"84","8430","843010"
"84","8430","843020"
"84","8430","843031"
"84","8430","843039"
"84","8430","843041"
"84","8430","843049"
"84","8430","843050"
"84","8430","843061"
"84","8430","843069"
"84","8431","843110"
"84","8431","843120"
"84","8431","843131"
"84","8431","843139"
"84","8431","843141"
"84","8431","843142"
"84","8431","843143"
"84","8431","843149"
"84","8432","843210"
"84","8432","843221"
"84","8432","843229"
"84","8432","843231"
"84","8432","843239"
"84","8432","843241"
"84","8432","843242"
"84","8432","843280"
"84","8432","843290"
"84","8433","843311"
"84","8433","843319"
"84","8433","843320"
"84","8433","843330"
"84","8433","843340"
"84","8433","843351"
"84","8433","843353"
"84","8433","843359"
"84","8433","843360"
"84","8433","843390"
"84","8434","843410"
"84","8434","843420"
"84","8434","843490"
"84","8435","843510"
"84","8435","843590"
"84","8436","843610"
"84","8436","843621"
"84","8436","843629"
"84","8436","843680"
"84","8436","843691"
"84","8436","843699"
"84","8437","843710"
"84","8437","843780"
"84","8437","843790"
"84","8438","843810"
"84","8438","843820"
"84","8438","843830"
"84","8438","843840"
"84","8438","843850"
"84","8438","843860"
"84","8438","843880"
"84","8438","843890"
"84","8439","843910"
"84","8439","843930"
"84","8439","843991"
"84","8439","843999"
"84","8440","844010"
"84","8440","844090"
"84","8441","844110"
"84","8441","844130"
"84","8441","844140"
"84","8441","844180"
"84","8441","844190"
"84","8442","844230"
"84","8442","844240"
"84","8442","844250"
"84","8443","844313"
"84","8443","844314"
"84","8443","844315"
"84","8443","844316"
"84","8443","844317"
"84","8443","844319"
"84","8443","844331"
"84","8443","844332"
"84","8443","844339"
"84","8443","844391"
"84","8443","844399"
"84","8444","844400"
"84","8445","844511"
"84","8445","844519"
"84","8445","844530"
"84","8445","844540"
"84","8446","844610"
"84","8446","844630"
"84","8447","844711"
"84","8447","844712"
"84","8447","844720"
"84","8447","844790"
"84","8448","844819"
"84","8448","844820"
"84","8448","844831"
"84","8448","844832"
"84","8448","844833"
"84","8448","844839"
"84","8448","844842"
"84","8448","844849"
"84","8448","844851"
"84","8448","844859"
"84","8449","844900"
"84","8450","845011"
"84","8450","845020"
"84","8450","845090"
"84","8451","845110"
"84","8451","845121"
"84","8451","845129"
"84","8451","845130"
"84","8451","845140"
"84","8451","845150"
"84","8451","845180"
"84","8451","845190"
"84","8452","845210"
"84","8452","845221"
"84","8452","845229"
"84","8452","845230"
"84","8452","845290"
"84","8453","845310"
"84","8453","845320"
"84","8453","845390"
"84","8454","845410"
"84","8454","845420"
"84","8454","845430"
"84","8454","845490"
"84","8455","845510"
"84","8455","845521"
"84","8455","845522"
"84","8455","845530"
"84","8455","845590"
"84","8456","845611"
"84","8456","845620"
"84","8456","845630"
"84","8456","845640"
"84","8456","845650"
"84","8456","845690"
"84","8457","845710"
"84","8457","845720"
"84","8457","845730"
"84","8458","845811"
"84","8458","845819"
"84","8458","845891"
"84","8458","845899"
"84","8459","845910"
"84","8459","845921"
"84","8459","845929"
"84","8459","845941"
"84","8459","845949"
"84","8459","845961"
"84","8459","845969"
"84","8459","845970"
"84","8460","846012"
"84","8460","846019"
"84","8460","846022"
"84","8460","846023"
"84","8460","846024"
"84","8460","846029"
"84","8460","846031"
"84","8460","846039"
"84","8460","846040"
"84","8460","846090"
"84","8461","846130"
"84","8461","846140"
"84","8461","846150"
"84","8461","846190"
"84","8462","846210"
"84","8462","846221"
"84","8462","846229"
"84","8462","846231"
"84","8462","846239"
"84","8462","846241"
"84","8462","846249"
"84","8462","846291"
"84","8462","846299"
"84","8463","846310"
"84","8463","846320"
"84","8463","846330"
"84","8463","846390"
"84","8464","846410"
"84","8464","846420"
"84","8464","846490"
"84","8465","846510"
"84","8465","846591"
"84","8465","846592"
"84","8465","846593"
"84","8465","846594"
"84","8465","846595"
"84","8465","846596"
"84","8465","846599"
"84","8466","846610"
"84","8466","846620"
"84","8466","846630"
"84","8466","846691"
"84","8466","846692"
"84","8466","846693"
"84","8466","846694"
"84","8467","846711"
"84","8467","846719"
"84","8467","846721"
"84","8467","846722"
"84","8467","846729"
"84","8467","846781"
"84","8467","846789"
"84","8467","846791"
"84","8467","846792"
"84","8467","846799"
"84","8468","846810"
"84","8468","846820"
"84","8468","846880"
"84","8468","846890"
"84","8470","847010"
"84","8470","847021"
"84","8470","847029"
"84","8470","847030"
"84","8470","847050"
"84","8470","847090"
"84","8471","847130"
"84","8471","847141"
"84","8471","847149"
"84","8471","847150"
"84","8471","847160"
"84","8471","847170"
"84","8471","847180"
"84","8471","847190"
"84","8472","847230"
"84","8472","847290"
"84","8473","847321"
"84","8473","847329"
"84","8473","847330"
"84","8473","847340"
"84","8473","847350"
"84","8474","847410"
"84","8474","847420"
"84","8474","847431"
"84","8474","847432"
"84","8474","847439"
"84","8474","847480"
"84","8474","847490"
"84","8475","847510"
"84","8475","847521"
"84","8475","847529"
"84","8475","847590"
"84","8476","847621"
"84","8476","847681"
"84","8476","847689"
"84","8476","847690"
"84","8477","847710"
"84","8477","847720"
"84","8477","847730"
"84","8477","847740"
"84","8477","847751"
"84","8477","847759"
"84","8477","847780"
"84","8477","847790"
"84","8478","847810"
"84","8479","847910"
"84","8479","847920"
"84","8479","847940"
"84","8479","847950"
"84","8479","847960"
"84","8479","847979"
"84","8479","847981"
"84","8479","847982"
"84","8479","847989"
"84","8479","847990"
"84","8480","848010"
"84","8480","848020"
"84","8480","848030"
"84","8480","848041"
"84","8480","848049"
"84","8480","848050"
"84","8480","848060"
"84","8480","848071"
"84","8480","848079"
"84","8481","848110"
"84","8481","848120"
"84","8481","848130"
"84","8481","848140"
"84","8481","848180"
"84","8481","848190"
"84","8482","848210"
"84","8482","848220"
"84","8482","848230"
"84","8482","848240"
"84","8482","848250"
"84","8482","848280"
"84","8482","848291"
"84","8482","848299"
"84","8483","848310"
"84","8483","848320"
"84","8483","848330"
"84","8483","848340"
"84","8483","848350"
"84","8483","848360"
"84","8483","848390"
"84","8484","848410"
"84","8484","848420"
"84","8484","848490"
"84","8486","848610"
"84","8486","848620"
"84","8486","848630"
"84","8486","848640"
"84","8486","848690"
"84","8487","848710"
"84","8487","848790"
"85","8501","850110"
"85","8501","850120"
"85","8501","850131"
"85","8501","850132"
"85","8501","850133"
"85","8501","850134"
"85","8501","850140"
"85","8501","850151"
"85","8501","850152"
"85","8501","850153"
"85","8501","850161"
"85","8501","850162"
"85","8501","850163"
"85","8501","850164"
"85","8502","850211"
"85","8502","850212"
"85","8502","850213"
"85","8502","850220"
"85","8502","850231"
"85","8502","850239"
"85","8503","850300"
"85","8504","850410"
"85","8504","850421"
"85","8504","850422"
"85","8504","850423"
"85","8504","850431"
"85","8504","850432"
"85","8504","850433"
"85","8504","850434"
"85","8504","850440"
"85","8504","850450"
"85","8504","850490"
"85","8505","850511"
"85","8505","850519"
"85","8505","850520"
"85","8505","850590"
"85","8506","850610"
"85","8506","850640"
"85","8506","850650"
"85","8506","850660"
"85","8506","850680"
"85","8506","850690"
"85","8507","850710"
"85","8507","850720"
"85","8507","850730"
"85","8507","850740"
"85","8507","850750"
"85","8507","850760"
"85","8507","850780"
"85","8507","850790"
"85","8508","850811"
"85","8508","850819"
"85","8508","850860"
"85","8508","850870"
"85","8509","850940"
"85","8509","850980"
"85","8509","850990"
"85","8510","851010"
"85","8510","851020"
"85","8510","851030"
"85","8510","851090"
"85","8511","851110"
"85","8511","851120"
"85","8511","851130"
"85","8511","851140"
"85","8511","851150"
"85","8511","851180"
"85","8511","851190"
"85","8512","851210"
"85","8512","851220"
"85","8512","851230"
"85","8512","851240"
"85","8512","851290"
"85","8513","851310"
"85","8513","851390"
"85","8514","851410"
"85","8514","851420"
"85","8514","851430"
"85","8514","851440"
"85","8514","851490"
"85","8515","851511"
"85","8515","851519"
"85","8515","851521"
"85","8515","851529"
"85","8515","851531"
"85","8515","851539"
"85","8515","851580"
"85","8515","851590"
"85","8516","851610"
"85","8516","851621"
"85","8516","851629"
"85","8516","851631"
"85","8516","851640"
"85","8516","851650"
"85","8516","851660"
"85","8516","851671"
"85","8516","851672"
"85","8516","851679"
"85","8516","851680"
"85","8516","851690"
"85","8517","851711"
"85","8517","851712"
"85","8517","851718"
"85","8517","851761"
"85","8517","851762"
"85","8517","851769"
"85","8517","851770"
"85","8518","851810"
"85","8518","851821"
"85","8518","851822"
"85","8518","851829"
"85","8518","851830"
"85","8518","851840"
"85","8518","851850"
"85","8518","851890"
"85","8519","851920"
"85","8519","851930"
"85","8519","851950"
"85","8519","851981"
"85","8519","851989"
"85","8521","852110"
"85","8521","852190"
"85","8522","852290"
"85","8523","852321"
"85","8523","852329"
"85","8523","852341"
"85","8523","852349"
"85","8523","852351"
"85","8523","852352"
"85","8523","852359"
"85","8523","852380"
"85","8525","852550"
"85","8525","852560"
"85","8525","852580"
"85","8526","852610"
"85","8526","852691"
"85","8526","852692"
"85","8527","852713"
"85","8527","852719"
"85","8527","852721"
"85","8527","852729"
"85","8527","852791"
"85","8527","852792"
"85","8527","852799"
"85","8528","852842"
"85","8528","852849"
"85","8528","852852"
"85","8528","852859"
"85","8528","852862"
"85","8528","852869"
"85","8528","852871"
"85","8528","852872"
"85","8529","852910"
"85","8529","852990"
"85","8530","853080"
"85","8530","853090"
"85","8531","853110"
"85","8531","853120"
"85","8531","853180"
"85","8531","853190"
"85","8532","853210"
"85","8532","853221"
"85","8532","853222"
"85","8532","853223"
"85","8532","853224"
"85","8532","853225"
"85","8532","853229"
"85","8532","853230"
"85","8532","853290"
"85","8533","853310"
"85","8533","853321"
"85","8533","853329"
"85","8533","853331"
"85","8533","853339"
"85","8533","853340"
"85","8533","853390"
"85","8534","853400"
"85","8535","853510"
"85","8535","853521"
"85","8535","853529"
"85","8535","853530"
"85","8535","853540"
"85","8535","853590"
"85","8536","853610"
"85","8536","853620"
"85","8536","853630"
"85","8536","853641"
"85","8536","853649"
"85","8536","853650"
"85","8536","853661"
"85","8536","853669"
"85","8536","853670"
"85","8536","853690"
"85","8537","853710"
"85","8537","853720"
"85","8538","853810"
"85","8538","853890"
"85","8539","853910"
"85","8539","853921"
"85","8539","853922"
"85","8539","853929"
"85","8539","853931"
"85","8539","853932"
"85","8539","853939"
"85","8539","853941"
"85","8539","853949"
"85","8539","853950"
"85","8539","853990"
"85","8540","854012"
"85","8540","854020"
"85","8540","854040"
"85","8540","854060"
"85","8540","854071"
"85","8540","854079"
"85","8540","854081"
"85","8540","854089"
"85","8540","854091"
"85","8540","854099"
"85","8541","854110"
"85","8541","854121"
"85","8541","854129"
"85","8541","854130"
"85","8541","854140"
"85","8541","854150"
"85","8541","854160"
"85","8541","854190"
"85","8542","854231"
"85","8542","854232"
"85","8542","854233"
"85","8542","854239"
"85","8542","854290"
"85","8543","854310"
"85","8543","854320"
"85","8543","854330"
"85","8543","854370"
"85","8543","854390"
"85","8544","854411"
"85","8544","854419"
"85","8544","854420"
"85","8544","854430"
"85","8544","854442"
"85","8544","854449"
"85","8544","854460"
"85","8544","854470"
"85","8545","854511"
"85","8545","854519"
"85","8545","854520"
"85","8545","854590"
"85","8546","854610"
"85","8546","854620"
"85","8546","854690"
"85","8547","854710"
"85","8547","854720"
"85","8547","854790"
"85","8548","854890"
"86","8602","860210"
"86","8604","860400"
"86","8607","860712"
"86","8607","860719"
"86","8607","860721"
"86","8607","860729"
"86","8607","860730"
"86","8607","860791"
"86","8607","860799"
"86","8608","860800"
"86","8609","860900"
"87","8701","870110"
"87","8701","870130"
"87","8701","870191"
"87","8701","870192"
"87","8701","870193"
"87","8701","870195"
"87","8702","870210"
"87","8702","870290"
"87","8703","870310"
"87","8703","870321"
"87","8703","870322"
"87","8703","870323"
"87","8703","870324"
"87","8703","870332"
"87","8703","870333"
"87","8703","870340"
"87","8703","870360"
"87","8703","870380"
"87","8703","870390"
"87","8704","870410"
"87","8704","870421"
"87","8704","870422"
"87","8704","870431"
"87","8704","870432"
"87","8705","870530"
"87","8705","870590"
"87","8706","870600"
"87","8707","870710"
"87","8707","870790"
"87","8708","870810"
"87","8708","870821"
"87","8708","870829"
"87","8708","870830"
"87","8708","870840"
"87","8708","870850"
"87","8708","870870"
"87","8708","870880"
"87","8708","870891"
"87","8708","870892"
"87","8708","870893"
"87","8708","870894"
"87","8708","870895"
"87","8708","870899"
"87","8709","870911"
"87","8709","870919"
"87","8709","870990"
"87","8711","871150"
"87","8711","871160"
"87","8711","871190"
"87","8712","871200"
"87","8713","871310"
"87","8713","871390"
"87","8714","871410"
"87","8714","871420"
"87","8714","871491"
"87","8714","871492"
"87","8714","871493"
"87","8714","871494"
"87","8714","871495"
"87","8714","871496"
"87","8714","871499"
"87","8715","871500"
"87","8716","871610"
"87","8716","871631"
"87","8716","871639"
"87","8716","871640"
"87","8716","871680"
"87","8716","871690"
"88","8801","880100"
"88","8802","880211"
"88","8802","880212"
"88","8802","880220"
"88","8802","880230"
"88","8802","880240"
"88","8803","880310"
"88","8803","880320"
"88","8803","880330"
"88","8803","880390"
"88","8804","880400"
"88","8805","880510"
"88","8805","880529"
"89","8903","890310"
"89","8903","890391"
"89","8903","890392"
"89","8903","890399"
"89","8905","890520"
"89","8905","890590"
"89","8906","890690"
"89","8907","890710"
"89","8907","890790"
"89","8908","890800"
"90","9001","900110"
"90","9001","900120"
"90","9001","900130"
"90","9001","900140"
"90","9001","900150"
"90","9001","900190"
"90","9002","900211"
"90","9002","900219"
"90","9002","900220"
"90","9002","900290"
"90","9003","900311"
"90","9003","900319"
"90","9003","900390"
"90","9004","900410"
"90","9004","900490"
"90","9005","900510"
"90","9005","900580"
"90","9005","900590"
"90","9006","900630"
"90","9006","900640"
"90","9006","900652"
"90","9006","900653"
"90","9006","900661"
"90","9006","900669"
"90","9006","900691"
"90","9006","900699"
"90","9007","900710"
"90","9007","900720"
"90","9007","900791"
"90","9007","900792"
"90","9008","900850"
"90","9008","900890"
"90","9010","901010"
"90","9010","901050"
"90","9010","901060"
"90","9010","901090"
"90","9011","901110"
"90","9011","901120"
"90","9011","901180"
"90","9011","901190"
"90","9012","901210"
"90","9012","901290"
"90","9013","901310"
"90","9013","901320"
"90","9013","901380"
"90","9013","901390"
"90","9014","901410"
"90","9014","901420"
"90","9014","901480"
"90","9014","901490"
"90","9015","901510"
"90","9015","901520"
"90","9015","901530"
"90","9015","901540"
"90","9015","901580"
"90","9015","901590"
"90","9016","901600"
"90","9017","901710"
"90","9017","901720"
"90","9017","901730"
"90","9017","901780"
"90","9017","901790"
"90","9018","901811"
"90","9018","901812"
"90","9018","901813"
"90","9018","901814"
"90","9018","901819"
"90","9018","901820"
"90","9018","901831"
"90","9018","901832"
"90","9018","901839"
"90","9018","901841"
"90","9018","901849"
"90","9018","901850"
"90","9018","901890"
"90","9019","901910"
"90","9019","901920"
"90","9020","902000"
"90","9021","902110"
"90","9021","902121"
"90","9021","902129"
"90","9021","902131"
"90","9021","902139"
"90","9021","902140"
"90","9021","902150"
"90","9021","902190"
"90","9022","902212"
"90","9022","902213"
"90","9022","902214"
"90","9022","902219"
"90","9022","902221"
"90","9022","902229"
"90","9022","902230"
"90","9022","902290"
"90","9023","902300"
"90","9024","902410"
"90","9024","902480"
"90","9024","902490"
"90","9025","902511"
"90","9025","902519"
"90","9025","902580"
"90","9025","902590"
"90","9026","902610"
"90","9026","902620"
"90","9026","902680"
"90","9026","902690"
"90","9027","902710"
"90","9027","902720"
"90","9027","902730"
"90","9027","902750"
"90","9027","902780"
"90","9027","902790"
"90","9028","902810"
"90","9028","902820"
"90","9028","902830"
"90","9028","902890"
"90","9029","902910"
"90","9029","902920"
"90","9029","902990"
"90","9030","903010"
"90","9030","903020"
"90","9030","903031"
"90","9030","903032"
"90","9030","903033"
"90","9030","903039"
"90","9030","903040"
"90","9030","903082"
"90","9030","903084"
"90","9030","903089"
"90","9030","903090"
"90","9031","903110"
"90","9031","903120"
"90","9031","903141"
"90","9031","903149"
"90","9031","903180"
"90","9031","903190"
"90","9032","903210"
"90","9032","903220"
"90","9032","903281"
"90","9032","903289"
"90","9032","903290"
"90","9033","903300"
"91","9102","910211"
"91","9102","910212"
"91","9102","910219"
"91","9102","910221"
"91","9102","910229"
"91","9102","910291"
"91","9102","910299"
"91","9103","910310"
"91","9103","910390"
"91","9104","910400"
"91","9105","910511"
"91","9105","910519"
"91","9105","910521"
"91","9105","910529"
"91","9105","910591"
"91","9105","910599"
"91","9106","910610"
"91","9106","910690"
"91","9107","910700"
"91","9108","910820"
"91","9108","910890"
"91","9109","910910"
"91","9109","910990"
"91","9111","911110"
"91","9112","911220"
"91","9113","911320"
"91","9113","911390"
"91","9114","911430"
"91","9114","911440"
"91","9114","911490"
"92","9201","920110"
"92","9201","920120"
"92","9201","920190"
"92","9202","920210"
"92","9202","920290"
"92","9205","920510"
"92","9205","920590"
"92","9206","920600"
"92","9207","920710"
"92","9207","920790"
"92","9208","920810"
"92","9208","920890"
"92","9209","920930"
"92","9209","920991"
"92","9209","920992"
"92","9209","920994"
"92","9209","920999"
"93","9303","930390"
"93","9304","930400"
"93","9305","930599"
"93","9306","930629"
"93","9307","930700"
"94","9401","940110"
"94","9401","940120"
"94","9401","940130"
"94","9401","940140"
"94","9401","940152"
"94","9401","940153"
"94","9401","940161"
"94","9401","940169"
"94","9401","940171"
"94","9401","940179"
"94","9401","940180"
"94","9401","940190"
"94","9402","940210"
"94","9402","940290"
"94","9403","940310"
"94","9403","940320"
"94","9403","940330"
"94","9403","940340"
"94","9403","940350"
"94","9403","940360"
"94","9403","940370"
"94","9403","940383"
"94","9403","940389"
"94","9403","940390"
"94","9404","940410"
"94","9404","940421"
"94","9404","940429"
"94","9404","940430"
"94","9404","940490"
"94","9405","940510"
"94","9405","940520"
"94","9405","940530"
"94","9405","940540"
"94","9405","940550"
"94","9405","940560"
"94","9405","940591"
"94","9405","940592"
"94","9405","940599"
"94","9406","940610"
"94","9406","940690"
"95","9503","950300"
"95","9504","950420"
"95","9504","950430"
"95","9504","950440"
"95","9504","950450"
"95","9504","950490"
"95","9505","950510"
"95","9505","950590"
"95","9506","950611"
"95","9506","950612"
"95","9506","950619"
"95","9506","950621"
"95","9506","950629"
"95","9506","950631"
"95","9506","950632"
"95","9506","950639"
"95","9506","950640"
"95","9506","950651"
"95","9506","950659"
"95","9506","950661"
"95","9506","950662"
"95","9506","950669"
"95","9506","950670"
"95","9506","950691"
"95","9506","950699"
"95","9507","950710"
"95","9507","950720"
"95","9507","950730"
"95","9507","950790"
"95","9508","950890"
"96","9601","960190"
"96","9602","960200"
"96","9603","960310"
"96","9603","960321"
"96","9603","960329"
"96","9603","960330"
"96","9603","960340"
"96","9603","960350"
"96","9603","960390"
"96","9604","960400"
"96","9605","960500"
"96","9606","960610"
"96","9606","960621"
"96","9606","960622"
"96","9606","960629"
"96","9606","960630"
"96","9607","960711"
"96","9607","960719"
"96","9607","960720"
"96","9608","960810"
"96","9608","960820"
"96","9608","960830"
"96","9608","960840"
"96","9608","960850"
"96","9608","960860"
"96","9608","960891"
"96","9608","960899"
"96","9609","960910"
"96","9609","960920"
"96","9609","960990"
"96","9610","961000"
"96","9611","961100"
"96","9612","961210"
"96","9612","961220"
"96","9613","961320"
"96","9613","961380"
"96","9613","961390"
"96","9614","961400"
"96","9615","961511"
"96","9615","961519"
"96","9615","961590"
"96","9616","961610"
"96","9616","961620"
"96","9617","961700"
"96","9618","961800"
"96","9619","961900"
"96","9620","962000"
"97","9701","970110"
"97","9701","970190"
"97","9702","970200"
"97","9703","970300"
"97","9704","970400"
"97","9705","970500"
"97","9706","970600"
"99","9999","999999"
